-- phpMyAdmin SQL Dump
-- version 3.2.4
-- http://www.phpmyadmin.net
--
-- Host: localhost
-- Generato il: 25 giu, 2013 at 09:52 PM
-- Versione MySQL: 5.1.44
-- Versione PHP: 5.3.1

SET SQL_MODE="NO_AUTO_VALUE_ON_ZERO";


/*!40101 SET @OLD_CHARACTER_SET_CLIENT=@@CHARACTER_SET_CLIENT */;
/*!40101 SET @OLD_CHARACTER_SET_RESULTS=@@CHARACTER_SET_RESULTS */;
/*!40101 SET @OLD_COLLATION_CONNECTION=@@COLLATION_CONNECTION */;
/*!40101 SET NAMES utf8 */;

--
-- Database: `dashboard`
--

-- --------------------------------------------------------

--
-- Struttura della tabella `Accesso`
--

CREATE TABLE IF NOT EXISTS `Accesso` (
  `IDUtente` int(11) NOT NULL DEFAULT '0',
  `IDSorgente` int(11) NOT NULL DEFAULT '0',
  PRIMARY KEY (`IDUtente`,`IDSorgente`),
  UNIQUE KEY `IDUtente` (`IDUtente`,`IDSorgente`),
  KEY `IDSorgente` (`IDSorgente`)
) ENGINE=InnoDB DEFAULT CHARSET=latin1;

--
-- Dump dei dati per la tabella `Accesso`
--

INSERT INTO `Accesso` (`IDUtente`, `IDSorgente`) VALUES
(1, 1),
(2, 1),
(2, 2),
(3, 2),
(2, 3),
(3, 3),
(2, 4),
(3, 4),
(2, 5),
(3, 5);

-- --------------------------------------------------------

--
-- Struttura della tabella `Contenuto`
--

CREATE TABLE IF NOT EXISTS `Contenuto` (
  `IDPost` int(11) NOT NULL DEFAULT '0',
  `IDTopic` int(11) NOT NULL DEFAULT '0',
  PRIMARY KEY (`IDPost`,`IDTopic`),
  UNIQUE KEY `IDPost` (`IDPost`,`IDTopic`),
  KEY `contenuto_ibfk_4` (`IDTopic`)
) ENGINE=InnoDB DEFAULT CHARSET=latin1;

--
-- Dump dei dati per la tabella `Contenuto`
--

INSERT INTO `Contenuto` (`IDPost`, `IDTopic`) VALUES
(27, 1),
(41, 1),
(114, 1),
(168, 1),
(169, 1),
(172, 1),
(218, 1),
(231, 1),
(235, 1),
(239, 1),
(254, 1),
(270, 1),
(271, 1),
(334, 1),
(339, 1),
(391, 1),
(396, 1),
(417, 1),
(419, 1),
(439, 1),
(447, 1),
(458, 1),
(477, 1),
(489, 1),
(491, 1),
(515, 1),
(561, 1),
(647, 1),
(680, 1),
(695, 1),
(702, 1),
(720, 1),
(767, 1),
(782, 1),
(49, 2),
(52, 2),
(54, 2),
(55, 2),
(115, 2),
(147, 2),
(193, 2),
(221, 2),
(244, 2),
(246, 2),
(259, 2),
(321, 2),
(322, 2),
(363, 2),
(410, 2),
(420, 2),
(434, 2),
(460, 2),
(476, 2),
(572, 2),
(574, 2),
(593, 2),
(615, 2),
(651, 2),
(658, 2),
(674, 2),
(698, 2),
(711, 2),
(730, 2),
(755, 2),
(767, 2),
(771, 2),
(795, 2),
(813, 2),
(25, 3),
(135, 3),
(182, 3),
(195, 3),
(199, 3),
(224, 3),
(305, 3),
(358, 3),
(360, 3),
(367, 3),
(376, 3),
(390, 3),
(429, 3),
(438, 3),
(443, 3),
(507, 3),
(552, 3),
(561, 3),
(562, 3),
(565, 3),
(600, 3),
(605, 3),
(615, 3),
(625, 3),
(633, 3),
(655, 3),
(657, 3),
(698, 3),
(706, 3),
(738, 3),
(7, 4),
(8, 4),
(16, 4),
(31, 4),
(65, 4),
(89, 4),
(100, 4),
(114, 4),
(136, 4),
(137, 4),
(140, 4),
(150, 4),
(168, 4),
(170, 4),
(173, 4),
(176, 4),
(224, 4),
(241, 4),
(253, 4),
(280, 4),
(300, 4),
(310, 4),
(319, 4),
(375, 4),
(391, 4),
(462, 4),
(532, 4),
(575, 4),
(608, 4),
(619, 4),
(622, 4),
(636, 4),
(646, 4),
(649, 4),
(653, 4),
(682, 4),
(685, 4),
(692, 4),
(697, 4),
(710, 4),
(738, 4),
(760, 4),
(786, 4),
(789, 4),
(791, 4),
(6, 5),
(24, 5),
(61, 5),
(63, 5),
(78, 5),
(116, 5),
(147, 5),
(166, 5),
(189, 5),
(215, 5),
(245, 5),
(258, 5),
(260, 5),
(263, 5),
(334, 5),
(344, 5),
(346, 5),
(365, 5),
(379, 5),
(390, 5),
(414, 5),
(421, 5),
(422, 5),
(429, 5),
(437, 5),
(466, 5),
(527, 5),
(613, 5),
(631, 5),
(652, 5),
(656, 5),
(668, 5),
(674, 5),
(690, 5),
(720, 5),
(749, 5),
(760, 5),
(761, 5),
(775, 5),
(776, 5),
(783, 5),
(799, 5),
(804, 5),
(822, 5),
(9, 6),
(50, 6),
(68, 6),
(71, 6),
(75, 6),
(90, 6),
(94, 6),
(96, 6),
(109, 6),
(129, 6),
(148, 6),
(178, 6),
(257, 6),
(267, 6),
(277, 6),
(300, 6),
(323, 6),
(344, 6),
(358, 6),
(369, 6),
(376, 6),
(415, 6),
(439, 6),
(487, 6),
(504, 6),
(529, 6),
(549, 6),
(555, 6),
(684, 6),
(703, 6),
(740, 6),
(757, 6),
(770, 6),
(800, 6),
(807, 6),
(808, 6),
(821, 6),
(25, 7),
(77, 7),
(104, 7),
(191, 7),
(199, 7),
(204, 7),
(205, 7),
(212, 7),
(306, 7),
(328, 7),
(341, 7),
(350, 7),
(351, 7),
(354, 7),
(376, 7),
(383, 7),
(427, 7),
(435, 7),
(446, 7),
(494, 7),
(517, 7),
(533, 7),
(535, 7),
(568, 7),
(608, 7),
(611, 7),
(627, 7),
(639, 7),
(694, 7),
(703, 7),
(721, 7),
(739, 7),
(782, 7),
(805, 7),
(812, 7),
(15, 8),
(23, 8),
(101, 8),
(148, 8),
(164, 8),
(179, 8),
(219, 8),
(227, 8),
(238, 8),
(248, 8),
(256, 8),
(334, 8),
(391, 8),
(405, 8),
(426, 8),
(450, 8),
(474, 8),
(476, 8),
(502, 8),
(504, 8),
(509, 8),
(542, 8),
(555, 8),
(565, 8),
(612, 8),
(640, 8),
(645, 8),
(651, 8),
(670, 8),
(698, 8),
(722, 8),
(732, 8),
(745, 8),
(758, 8),
(767, 8),
(800, 8),
(818, 8),
(1, 9),
(41, 9),
(57, 9),
(70, 9),
(114, 9),
(165, 9),
(170, 9),
(221, 9),
(236, 9),
(296, 9),
(334, 9),
(350, 9),
(372, 9),
(375, 9),
(381, 9),
(409, 9),
(411, 9),
(478, 9),
(492, 9),
(509, 9),
(519, 9),
(574, 9),
(600, 9),
(628, 9),
(670, 9),
(705, 9),
(738, 9),
(754, 9),
(783, 9),
(822, 9),
(19, 10),
(23, 10),
(33, 10),
(38, 10),
(133, 10),
(137, 10),
(140, 10),
(152, 10),
(158, 10),
(222, 10),
(227, 10),
(235, 10),
(375, 10),
(393, 10),
(402, 10),
(423, 10),
(456, 10),
(494, 10),
(507, 10),
(511, 10),
(531, 10),
(551, 10),
(555, 10),
(597, 10),
(604, 10),
(631, 10),
(658, 10),
(698, 10),
(714, 10),
(738, 10),
(742, 10),
(786, 10),
(794, 10),
(34, 11),
(57, 11),
(106, 11),
(138, 11),
(152, 11),
(172, 11),
(205, 11),
(231, 11),
(272, 11),
(276, 11),
(364, 11),
(368, 11),
(370, 11),
(394, 11),
(395, 11),
(447, 11),
(462, 11),
(463, 11),
(466, 11),
(527, 11),
(560, 11),
(565, 11),
(617, 11),
(655, 11),
(667, 11),
(673, 11),
(675, 11),
(694, 11),
(737, 11),
(747, 11),
(812, 11),
(817, 11),
(818, 11),
(824, 11),
(2, 12),
(14, 12),
(16, 12),
(37, 12),
(50, 12),
(65, 12),
(79, 12),
(103, 12),
(120, 12),
(132, 12),
(138, 12),
(143, 12),
(207, 12),
(210, 12),
(216, 12),
(234, 12),
(247, 12),
(248, 12),
(288, 12),
(319, 12),
(337, 12),
(340, 12),
(372, 12),
(408, 12),
(480, 12),
(502, 12),
(534, 12),
(598, 12),
(663, 12),
(733, 12),
(754, 12),
(762, 12),
(769, 12),
(796, 12),
(54, 13),
(59, 13),
(63, 13),
(99, 13),
(119, 13),
(162, 13),
(169, 13),
(203, 13),
(207, 13),
(218, 13),
(230, 13),
(248, 13),
(277, 13),
(284, 13),
(298, 13),
(302, 13),
(310, 13),
(356, 13),
(367, 13),
(386, 13),
(394, 13),
(436, 13),
(459, 13),
(467, 13),
(477, 13),
(556, 13),
(581, 13),
(624, 13),
(627, 13),
(636, 13),
(650, 13),
(667, 13),
(671, 13),
(677, 13),
(702, 13),
(705, 13),
(713, 13),
(726, 13),
(728, 13),
(742, 13),
(789, 13),
(813, 13),
(14, 14),
(18, 14),
(22, 14),
(36, 14),
(43, 14),
(62, 14),
(77, 14),
(101, 14),
(116, 14),
(130, 14),
(134, 14),
(179, 14),
(184, 14),
(187, 14),
(228, 14),
(242, 14),
(246, 14),
(280, 14),
(287, 14),
(289, 14),
(290, 14),
(330, 14),
(332, 14),
(363, 14),
(396, 14),
(397, 14),
(456, 14),
(467, 14),
(515, 14),
(538, 14),
(549, 14),
(559, 14),
(567, 14),
(569, 14),
(615, 14),
(690, 14),
(709, 14),
(713, 14),
(731, 14),
(774, 14),
(817, 14),
(818, 14),
(57, 15),
(116, 15),
(145, 15),
(189, 15),
(213, 15),
(246, 15),
(291, 15),
(306, 15),
(369, 15),
(370, 15),
(380, 15),
(399, 15),
(410, 15),
(438, 15),
(459, 15),
(500, 15),
(512, 15),
(523, 15),
(556, 15),
(574, 15),
(619, 15),
(672, 15),
(683, 15),
(692, 15),
(769, 15),
(773, 15),
(782, 15),
(802, 15),
(812, 15),
(816, 15),
(13, 16),
(37, 16),
(41, 16),
(91, 16),
(130, 16),
(140, 16),
(148, 16),
(157, 16),
(161, 16),
(183, 16),
(252, 16),
(270, 16),
(317, 16),
(320, 16),
(323, 16),
(364, 16),
(421, 16),
(434, 16),
(435, 16),
(466, 16),
(468, 16),
(502, 16),
(505, 16),
(540, 16),
(551, 16),
(561, 16),
(564, 16),
(565, 16),
(573, 16),
(594, 16),
(655, 16),
(669, 16),
(692, 16),
(752, 16),
(763, 16),
(781, 16),
(785, 16),
(789, 16),
(794, 16),
(25, 17),
(91, 17),
(110, 17),
(132, 17),
(138, 17),
(175, 17),
(188, 17),
(203, 17),
(223, 17),
(228, 17),
(282, 17),
(299, 17),
(312, 17),
(322, 17),
(349, 17),
(376, 17),
(407, 17),
(423, 17),
(466, 17),
(473, 17),
(477, 17),
(500, 17),
(502, 17),
(503, 17),
(554, 17),
(576, 17),
(589, 17),
(599, 17),
(646, 17),
(697, 17),
(726, 17),
(732, 17),
(741, 17),
(745, 17),
(752, 17),
(771, 17),
(775, 17),
(809, 17),
(811, 17),
(1, 18),
(13, 18),
(24, 18),
(50, 18),
(121, 18),
(126, 18),
(127, 18),
(155, 18),
(175, 18),
(199, 18),
(242, 18),
(273, 18),
(275, 18),
(276, 18),
(280, 18),
(297, 18),
(310, 18),
(365, 18),
(403, 18),
(410, 18),
(420, 18),
(446, 18),
(476, 18),
(504, 18),
(551, 18),
(573, 18),
(631, 18),
(632, 18),
(635, 18),
(641, 18),
(644, 18),
(662, 18),
(709, 18),
(710, 18),
(817, 18),
(31, 19),
(50, 19),
(73, 19),
(83, 19),
(106, 19),
(108, 19),
(113, 19),
(123, 19),
(128, 19),
(194, 19),
(222, 19),
(243, 19),
(245, 19),
(254, 19),
(294, 19),
(300, 19),
(329, 19),
(331, 19),
(348, 19),
(402, 19),
(415, 19),
(418, 19),
(439, 19),
(473, 19),
(487, 19),
(504, 19),
(539, 19),
(550, 19),
(567, 19),
(573, 19),
(575, 19),
(589, 19),
(621, 19),
(649, 19),
(666, 19),
(690, 19),
(742, 19),
(749, 19),
(793, 19),
(802, 19),
(25, 20),
(29, 20),
(71, 20),
(91, 20),
(129, 20),
(132, 20),
(155, 20),
(178, 20),
(191, 20),
(193, 20),
(205, 20),
(242, 20),
(256, 20),
(272, 20),
(321, 20),
(325, 20),
(334, 20),
(336, 20),
(340, 20),
(348, 20),
(381, 20),
(473, 20),
(477, 20),
(539, 20),
(540, 20),
(550, 20),
(595, 20),
(628, 20),
(657, 20),
(663, 20),
(668, 20),
(677, 20),
(689, 20),
(701, 20),
(725, 20),
(741, 20),
(747, 20),
(779, 20),
(791, 20),
(793, 20),
(810, 20),
(813, 20),
(822, 20),
(65, 21),
(78, 21),
(98, 21),
(194, 21),
(198, 21),
(202, 21),
(212, 21),
(217, 21),
(232, 21),
(287, 21),
(306, 21),
(344, 21),
(372, 21),
(381, 21),
(436, 21),
(447, 21),
(484, 21),
(510, 21),
(521, 21),
(526, 21),
(558, 21),
(594, 21),
(599, 21),
(649, 21),
(684, 21),
(744, 21),
(745, 21),
(756, 21),
(760, 21),
(762, 21),
(774, 21),
(805, 21),
(806, 21),
(819, 21),
(99, 22),
(138, 22),
(141, 22),
(168, 22),
(176, 22),
(179, 22),
(189, 22),
(568, 22),
(583, 22);

-- --------------------------------------------------------

--
-- Struttura della tabella `Post`
--

CREATE TABLE IF NOT EXISTS `Post` (
  `ID` int(11) NOT NULL AUTO_INCREMENT,
  `Link` varchar(500) NOT NULL,
  `Data` date NOT NULL,
  `Polarity` enum('-1','+1','0') NOT NULL DEFAULT '0',
  `ID_Fonte` int(11) NOT NULL,
  `Text` varchar(20000) NOT NULL,
  PRIMARY KEY (`ID`),
  KEY `Nome_fonte` (`ID_Fonte`)
) ENGINE=InnoDB  DEFAULT CHARSET=latin1 AUTO_INCREMENT=826 ;

--
-- Dump dei dati per la tabella `Post`
--

INSERT INTO `Post` (`ID`, `Link`, `Data`, `Polarity`, `ID_Fonte`, `Text`) VALUES
(1, 'liank', '2013-06-04', '0', 5, 'csXD'),
(2, 'QWR', '2013-05-26', '0', 5, 'FWQEW'),
(3, 'RCEWQA', '2013-05-26', '0', 5, 'DFAQ'),
(4, 'qwertyuiop', '2013-03-03', '+1', 5, 'xas'),
(5, 'www.google.it/post1', '2013-06-01', '+1', 1, 'testo del post 1'),
(6, 'www.google.it/post2', '2013-06-08', '+1', 8, 'testo del post 8'),
(7, 'www.google.it/post3', '2013-06-19', '+1', 9, 'testo del post 9'),
(8, 'www.google.it/post4', '2013-06-13', '+1', 12, 'testo del post 12'),
(9, 'www.google.it/post5', '2013-06-19', '+1', 16, 'testo del post 16'),
(10, 'www.google.it/post6', '2013-06-13', '+1', 4, 'testo del post 4'),
(11, 'www.google.it/post7', '2013-06-06', '+1', 6, 'testo del post 6'),
(12, 'www.google.it/post8', '2013-06-26', '+1', 1, 'testo del post 1'),
(13, 'www.google.it/post9', '2013-06-01', '+1', 16, 'testo del post 16'),
(14, 'www.google.it/post10', '2013-06-01', '+1', 27, 'testo del post 27'),
(15, 'www.google.it/post11', '2013-06-09', '+1', 26, 'testo del post 26'),
(16, 'www.google.it/post12', '2013-06-18', '+1', 13, 'testo del post 13'),
(17, 'www.google.it/post13', '2013-06-01', '+1', 16, 'testo del post 16'),
(18, 'www.google.it/post14', '2013-06-05', '+1', 26, 'testo del post 26'),
(19, 'www.google.it/post15', '2013-06-29', '+1', 5, 'testo del post 5'),
(20, 'www.google.it/post16', '2013-06-23', '+1', 21, 'testo del post 21'),
(21, 'www.google.it/post17', '2013-06-08', '+1', 6, 'testo del post 6'),
(22, 'www.google.it/post18', '2013-06-17', '+1', 11, 'testo del post 11'),
(23, 'www.google.it/post19', '2013-06-06', '+1', 20, 'testo del post 20'),
(24, 'www.google.it/post20', '2013-06-12', '+1', 28, 'testo del post 28'),
(25, 'www.google.it/post21', '2013-06-26', '+1', 8, 'testo del post 8'),
(26, 'www.google.it/post22', '2013-06-09', '+1', 6, 'testo del post 6'),
(27, 'www.google.it/post23', '2013-06-15', '+1', 13, 'testo del post 13'),
(28, 'www.google.it/post24', '2013-06-06', '+1', 7, 'testo del post 7'),
(29, 'www.google.it/post25', '2013-06-07', '+1', 12, 'testo del post 12'),
(30, 'www.google.it/post26', '2013-06-12', '+1', 7, 'testo del post 7'),
(31, 'www.google.it/post27', '2013-06-15', '+1', 21, 'testo del post 21'),
(32, 'www.google.it/post28', '2013-06-09', '+1', 28, 'testo del post 28'),
(33, 'www.google.it/post29', '2013-06-29', '+1', 8, 'testo del post 8'),
(34, 'www.google.it/post30', '2013-06-11', '+1', 15, 'testo del post 15'),
(35, 'www.google.it/post31', '2013-06-09', '+1', 20, 'testo del post 20'),
(36, 'www.google.it/post32', '2013-06-12', '+1', 13, 'testo del post 13'),
(37, 'www.google.it/post33', '2013-06-05', '+1', 29, 'testo del post 29'),
(38, 'www.google.it/post34', '2013-06-08', '+1', 21, 'testo del post 21'),
(39, 'www.google.it/post35', '2013-06-26', '+1', 15, 'testo del post 15'),
(40, 'www.google.it/post36', '2013-06-24', '+1', 23, 'testo del post 23'),
(41, 'www.google.it/post37', '2013-06-29', '+1', 4, 'testo del post 4'),
(42, 'www.google.it/post38', '2013-06-07', '+1', 17, 'testo del post 17'),
(43, 'www.google.it/post39', '2013-06-20', '+1', 12, 'testo del post 12'),
(44, 'www.google.it/post40', '2013-06-28', '+1', 15, 'testo del post 15'),
(45, 'www.google.it/post41', '2013-06-04', '+1', 25, 'testo del post 25'),
(46, 'www.google.it/post42', '2013-06-29', '+1', 20, 'testo del post 20'),
(47, 'www.google.it/post43', '2013-06-04', '+1', 10, 'testo del post 10'),
(48, 'www.google.it/post44', '2013-06-28', '+1', 4, 'testo del post 4'),
(49, 'www.google.it/post45', '2013-06-01', '+1', 2, 'testo del post 2'),
(50, 'www.google.it/post46', '2013-06-03', '+1', 1, 'testo del post 1'),
(51, 'www.google.it/post47', '2013-06-09', '+1', 23, 'testo del post 23'),
(52, 'www.google.it/post48', '2013-06-27', '+1', 21, 'testo del post 21'),
(53, 'www.google.it/post49', '2013-06-09', '+1', 27, 'testo del post 27'),
(54, 'www.google.it/post50', '2013-06-15', '+1', 28, 'testo del post 28'),
(55, 'www.google.it/post51', '2013-06-08', '+1', 13, 'testo del post 13'),
(56, 'www.google.it/post52', '2013-06-17', '+1', 2, 'testo del post 2'),
(57, 'www.google.it/post53', '2013-06-04', '+1', 26, 'testo del post 26'),
(58, 'www.google.it/post54', '2013-06-26', '+1', 1, 'testo del post 1'),
(59, 'www.google.it/post55', '2013-06-23', '+1', 16, 'testo del post 16'),
(60, 'www.google.it/post56', '2013-06-29', '+1', 13, 'testo del post 13'),
(61, 'www.google.it/post57', '2013-06-27', '+1', 9, 'testo del post 9'),
(62, 'www.google.it/post58', '2013-06-07', '+1', 10, 'testo del post 10'),
(63, 'www.google.it/post59', '2013-06-11', '+1', 4, 'testo del post 4'),
(64, 'www.google.it/post60', '2013-06-04', '+1', 3, 'testo del post 3'),
(65, 'www.google.it/post61', '2013-06-19', '+1', 26, 'testo del post 26'),
(66, 'www.google.it/post62', '2013-06-26', '+1', 11, 'testo del post 11'),
(67, 'www.google.it/post63', '2013-06-19', '+1', 14, 'testo del post 14'),
(68, 'www.google.it/post64', '2013-06-11', '+1', 21, 'testo del post 21'),
(69, 'www.google.it/post65', '2013-06-27', '+1', 21, 'testo del post 21'),
(70, 'www.google.it/post66', '2013-06-27', '+1', 18, 'testo del post 18'),
(71, 'www.google.it/post67', '2013-06-21', '+1', 10, 'testo del post 10'),
(72, 'www.google.it/post68', '2013-06-22', '+1', 26, 'testo del post 26'),
(73, 'www.google.it/post69', '2013-06-20', '+1', 7, 'testo del post 7'),
(74, 'www.google.it/post70', '2013-06-25', '+1', 6, 'testo del post 6'),
(75, 'www.google.it/post71', '2013-06-22', '+1', 22, 'testo del post 22'),
(76, 'www.google.it/post72', '2013-06-10', '+1', 15, 'testo del post 15'),
(77, 'www.google.it/post73', '2013-06-16', '+1', 2, 'testo del post 2'),
(78, 'www.google.it/post74', '2013-06-11', '+1', 8, 'testo del post 8'),
(79, 'www.google.it/post75', '2013-06-05', '+1', 15, 'testo del post 15'),
(80, 'www.google.it/post76', '2013-06-27', '+1', 19, 'testo del post 19'),
(81, 'www.google.it/post77', '2013-06-06', '+1', 3, 'testo del post 3'),
(82, 'www.google.it/post78', '2013-06-02', '+1', 26, 'testo del post 26'),
(83, 'www.google.it/post79', '2013-06-21', '+1', 8, 'testo del post 8'),
(84, 'www.google.it/post80', '2013-06-06', '+1', 23, 'testo del post 23'),
(85, 'www.google.it/post81', '2013-06-01', '+1', 15, 'testo del post 15'),
(86, 'www.google.it/post82', '2013-06-23', '+1', 17, 'testo del post 17'),
(87, 'www.google.it/post83', '2013-06-09', '+1', 8, 'testo del post 8'),
(88, 'www.google.it/post84', '2013-06-07', '+1', 25, 'testo del post 25'),
(89, 'www.google.it/post85', '2013-06-27', '+1', 19, 'testo del post 19'),
(90, 'www.google.it/post86', '2013-06-01', '+1', 6, 'testo del post 6'),
(91, 'www.google.it/post87', '2013-06-24', '+1', 27, 'testo del post 27'),
(92, 'www.google.it/post88', '2013-06-28', '+1', 22, 'testo del post 22'),
(93, 'www.google.it/post89', '2013-06-23', '+1', 4, 'testo del post 4'),
(94, 'www.google.it/post90', '2013-06-27', '+1', 17, 'testo del post 17'),
(95, 'www.google.it/post91', '2013-06-23', '+1', 26, 'testo del post 26'),
(96, 'www.google.it/post92', '2013-06-01', '+1', 16, 'testo del post 16'),
(97, 'www.google.it/post93', '2013-06-27', '+1', 4, 'testo del post 4'),
(98, 'www.google.it/post94', '2013-06-19', '+1', 9, 'testo del post 9'),
(99, 'www.google.it/post95', '2013-06-22', '+1', 16, 'testo del post 16'),
(100, 'www.google.it/post96', '2013-06-07', '+1', 26, 'testo del post 26'),
(101, 'www.google.it/post97', '2013-06-24', '+1', 22, 'testo del post 22'),
(102, 'www.google.it/post98', '2013-06-09', '+1', 12, 'testo del post 12'),
(103, 'www.google.it/post99', '2013-06-22', '+1', 26, 'testo del post 26'),
(104, 'www.google.it/post100', '2013-06-18', '+1', 28, 'testo del post 28'),
(105, 'www.google.it/post101', '2013-06-01', '+1', 28, 'testo del post 28'),
(106, 'www.google.it/post102', '2013-06-08', '+1', 7, 'testo del post 7'),
(107, 'www.google.it/post103', '2013-06-10', '+1', 28, 'testo del post 28'),
(108, 'www.google.it/post104', '2013-06-26', '+1', 26, 'testo del post 26'),
(109, 'www.google.it/post105', '2013-06-19', '+1', 22, 'testo del post 22'),
(110, 'www.google.it/post106', '2013-06-12', '+1', 12, 'testo del post 12'),
(111, 'www.google.it/post107', '2013-06-18', '+1', 25, 'testo del post 25'),
(112, 'www.google.it/post108', '2013-06-24', '+1', 22, 'testo del post 22'),
(113, 'www.google.it/post109', '2013-06-18', '+1', 1, 'testo del post 1'),
(114, 'www.google.it/post110', '2013-06-07', '+1', 21, 'testo del post 21'),
(115, 'www.google.it/post111', '2013-06-18', '+1', 18, 'testo del post 18'),
(116, 'www.google.it/post112', '2013-06-17', '+1', 26, 'testo del post 26'),
(117, 'www.google.it/post113', '2013-06-19', '+1', 27, 'testo del post 27'),
(118, 'www.google.it/post114', '2013-06-18', '+1', 16, 'testo del post 16'),
(119, 'www.google.it/post115', '2013-06-18', '+1', 5, 'testo del post 5'),
(120, 'www.google.it/post116', '2013-06-25', '+1', 4, 'testo del post 4'),
(121, 'www.google.it/post117', '2013-06-23', '+1', 14, 'testo del post 14'),
(122, 'www.google.it/post118', '2013-06-19', '+1', 8, 'testo del post 8'),
(123, 'www.google.it/post119', '2013-06-17', '+1', 19, 'testo del post 19'),
(124, 'www.google.it/post120', '2013-06-25', '+1', 4, 'testo del post 4'),
(125, 'www.google.it/post121', '2013-06-08', '+1', 7, 'testo del post 7'),
(126, 'www.google.it/post122', '2013-06-08', '+1', 13, 'testo del post 13'),
(127, 'www.google.it/post123', '2013-06-21', '+1', 18, 'testo del post 18'),
(128, 'www.google.it/post124', '2013-06-22', '+1', 12, 'testo del post 12'),
(129, 'www.google.it/post125', '2013-06-27', '+1', 29, 'testo del post 29'),
(130, 'www.google.it/post126', '2013-06-06', '+1', 20, 'testo del post 20'),
(131, 'www.google.it/post127', '2013-06-11', '+1', 8, 'testo del post 8'),
(132, 'www.google.it/post128', '2013-06-29', '+1', 2, 'testo del post 2'),
(133, 'www.google.it/post129', '2013-06-23', '+1', 29, 'testo del post 29'),
(134, 'www.google.it/post130', '2013-06-08', '+1', 24, 'testo del post 24'),
(135, 'www.google.it/post131', '2013-06-12', '+1', 29, 'testo del post 29'),
(136, 'www.google.it/post132', '2013-06-18', '+1', 25, 'testo del post 25'),
(137, 'www.google.it/post133', '2013-06-24', '+1', 18, 'testo del post 18'),
(138, 'www.google.it/post134', '2013-06-28', '+1', 3, 'testo del post 3'),
(139, 'www.google.it/post135', '2013-06-24', '+1', 26, 'testo del post 26'),
(140, 'www.google.it/post136', '2013-06-06', '+1', 1, 'testo del post 1'),
(141, 'www.google.it/post137', '2013-06-28', '+1', 7, 'testo del post 7'),
(142, 'www.google.it/post138', '2013-06-12', '+1', 2, 'testo del post 2'),
(143, 'www.google.it/post139', '2013-06-18', '+1', 6, 'testo del post 6'),
(144, 'www.google.it/post140', '2013-06-05', '+1', 22, 'testo del post 22'),
(145, 'www.google.it/post141', '2013-06-03', '+1', 28, 'testo del post 28'),
(146, 'www.google.it/post142', '2013-06-21', '+1', 28, 'testo del post 28'),
(147, 'www.google.it/post143', '2013-06-29', '+1', 23, 'testo del post 23'),
(148, 'www.google.it/post144', '2013-06-02', '+1', 11, 'testo del post 11'),
(149, 'www.google.it/post145', '2013-06-04', '+1', 27, 'testo del post 27'),
(150, 'www.google.it/post146', '2013-06-02', '+1', 3, 'testo del post 3'),
(151, 'www.google.it/post147', '2013-06-03', '+1', 22, 'testo del post 22'),
(152, 'www.google.it/post148', '2013-06-26', '+1', 1, 'testo del post 1'),
(153, 'www.google.it/post149', '2013-06-27', '+1', 16, 'testo del post 16'),
(154, 'www.google.it/post150', '2013-06-19', '+1', 16, 'testo del post 16'),
(155, 'www.google.it/post151', '2013-06-23', '+1', 11, 'testo del post 11'),
(156, 'www.google.it/post152', '2013-06-22', '+1', 24, 'testo del post 24'),
(157, 'www.google.it/post153', '2013-06-06', '+1', 11, 'testo del post 11'),
(158, 'www.google.it/post154', '2013-06-10', '+1', 9, 'testo del post 9'),
(159, 'www.google.it/post155', '2013-06-10', '+1', 7, 'testo del post 7'),
(160, 'www.google.it/post156', '2013-06-25', '+1', 18, 'testo del post 18'),
(161, 'www.google.it/post157', '2013-06-22', '+1', 7, 'testo del post 7'),
(162, 'www.google.it/post158', '2013-06-28', '+1', 14, 'testo del post 14'),
(163, 'www.google.it/post159', '2013-06-08', '+1', 25, 'testo del post 25'),
(164, 'www.google.it/post160', '2013-06-20', '+1', 7, 'testo del post 7'),
(165, 'www.google.it/post161', '2013-06-06', '+1', 23, 'testo del post 23'),
(166, 'www.google.it/post162', '2013-06-01', '+1', 4, 'testo del post 4'),
(167, 'www.google.it/post163', '2013-06-10', '+1', 3, 'testo del post 3'),
(168, 'www.google.it/post164', '2013-06-14', '+1', 21, 'testo del post 21'),
(169, 'www.google.it/post165', '2013-06-21', '+1', 11, 'testo del post 11'),
(170, 'www.google.it/post166', '2013-06-18', '+1', 5, 'testo del post 5'),
(171, 'www.google.it/post167', '2013-06-26', '+1', 11, 'testo del post 11'),
(172, 'www.google.it/post168', '2013-06-29', '+1', 4, 'testo del post 4'),
(173, 'www.google.it/post169', '2013-06-27', '+1', 22, 'testo del post 22'),
(174, 'www.google.it/post170', '2013-06-15', '+1', 25, 'testo del post 25'),
(175, 'www.google.it/post171', '2013-06-15', '+1', 16, 'testo del post 16'),
(176, 'www.google.it/post172', '2013-06-12', '+1', 27, 'testo del post 27'),
(177, 'www.google.it/post173', '2013-06-27', '+1', 22, 'testo del post 22'),
(178, 'www.google.it/post174', '2013-06-18', '+1', 14, 'testo del post 14'),
(179, 'www.google.it/post175', '2013-06-25', '+1', 20, 'testo del post 20'),
(180, 'www.google.it/post176', '2013-06-21', '+1', 7, 'testo del post 7'),
(181, 'www.google.it/post177', '2013-06-23', '+1', 13, 'testo del post 13'),
(182, 'www.google.it/post178', '2013-06-16', '+1', 17, 'testo del post 17'),
(183, 'www.google.it/post179', '2013-06-16', '+1', 17, 'testo del post 17'),
(184, 'www.google.it/post180', '2013-06-20', '+1', 14, 'testo del post 14'),
(185, 'www.google.it/post181', '2013-06-08', '+1', 28, 'testo del post 28'),
(186, 'www.google.it/post182', '2013-06-01', '+1', 5, 'testo del post 5'),
(187, 'www.google.it/post183', '2013-06-10', '+1', 15, 'testo del post 15'),
(188, 'www.google.it/post184', '2013-06-02', '+1', 29, 'testo del post 29'),
(189, 'www.google.it/post185', '2013-06-20', '+1', 19, 'testo del post 19'),
(190, 'www.google.it/post186', '2013-06-01', '+1', 5, 'testo del post 5'),
(191, 'www.google.it/post187', '2013-06-20', '+1', 12, 'testo del post 12'),
(192, 'www.google.it/post188', '2013-06-15', '+1', 29, 'testo del post 29'),
(193, 'www.google.it/post189', '2013-06-18', '+1', 14, 'testo del post 14'),
(194, 'www.google.it/post190', '2013-06-07', '+1', 4, 'testo del post 4'),
(195, 'www.google.it/post191', '2013-06-15', '+1', 3, 'testo del post 3'),
(196, 'www.google.it/post192', '2013-06-17', '+1', 2, 'testo del post 2'),
(197, 'www.google.it/post193', '2013-06-19', '+1', 21, 'testo del post 21'),
(198, 'www.google.it/post194', '2013-06-22', '+1', 2, 'testo del post 2'),
(199, 'www.google.it/post195', '2013-06-27', '+1', 11, 'testo del post 11'),
(200, 'www.google.it/post196', '2013-06-07', '+1', 25, 'testo del post 25'),
(201, 'www.google.it/post197', '2013-06-14', '+1', 27, 'testo del post 27'),
(202, 'www.google.it/post198', '2013-06-14', '+1', 3, 'testo del post 3'),
(203, 'www.google.it/post199', '2013-06-16', '+1', 19, 'testo del post 19'),
(204, 'www.google.it/post200', '2013-06-26', '+1', 12, 'testo del post 12'),
(205, 'www.google.it/post201', '2013-06-13', '+1', 14, 'testo del post 14'),
(206, 'www.google.it/post202', '2013-06-18', '+1', 11, 'testo del post 11'),
(207, 'www.google.it/post203', '2013-06-26', '+1', 12, 'testo del post 12'),
(208, 'www.google.it/post204', '2013-06-02', '+1', 12, 'testo del post 12'),
(209, 'www.google.it/post205', '2013-06-07', '+1', 10, 'testo del post 10'),
(210, 'www.google.it/post206', '2013-06-04', '+1', 4, 'testo del post 4'),
(211, 'www.google.it/post207', '2013-06-13', '+1', 13, 'testo del post 13'),
(212, 'www.google.it/post208', '2013-06-19', '+1', 25, 'testo del post 25'),
(213, 'www.google.it/post209', '2013-06-05', '+1', 24, 'testo del post 24'),
(214, 'www.google.it/post210', '2013-06-15', '+1', 17, 'testo del post 17'),
(215, 'www.google.it/post211', '2013-06-10', '+1', 18, 'testo del post 18'),
(216, 'www.google.it/post212', '2013-06-25', '+1', 23, 'testo del post 23'),
(217, 'www.google.it/post213', '2013-06-25', '+1', 12, 'testo del post 12'),
(218, 'www.google.it/post214', '2013-06-06', '+1', 6, 'testo del post 6'),
(219, 'www.google.it/post215', '2013-06-11', '+1', 16, 'testo del post 16'),
(220, 'www.google.it/post216', '2013-06-13', '+1', 24, 'testo del post 24'),
(221, 'www.google.it/post217', '2013-06-20', '+1', 1, 'testo del post 1'),
(222, 'www.google.it/post218', '2013-06-02', '+1', 10, 'testo del post 10'),
(223, 'www.google.it/post219', '2013-06-22', '+1', 23, 'testo del post 23'),
(224, 'www.google.it/post220', '2013-06-09', '+1', 6, 'testo del post 6'),
(225, 'www.google.it/post221', '2013-06-11', '+1', 19, 'testo del post 19'),
(226, 'www.google.it/post222', '2013-06-07', '+1', 9, 'testo del post 9'),
(227, 'www.google.it/post223', '2013-06-26', '+1', 9, 'testo del post 9'),
(228, 'www.google.it/post1', '2013-06-20', '+1', 27, 'testo del post 27'),
(229, 'www.google.it/post2', '2013-06-13', '+1', 23, 'testo del post 23'),
(230, 'www.google.it/post3', '2013-06-05', '+1', 4, 'testo del post 4'),
(231, 'www.google.it/post4', '2013-06-04', '+1', 17, 'testo del post 17'),
(232, 'www.google.it/post5', '2013-06-12', '+1', 1, 'testo del post 1'),
(233, 'www.google.it/post6', '2013-06-21', '+1', 20, 'testo del post 20'),
(234, 'www.google.it/post7', '2013-06-28', '+1', 21, 'testo del post 21'),
(235, 'www.google.it/post8', '2013-06-07', '+1', 27, 'testo del post 27'),
(236, 'www.google.it/post9', '2013-06-13', '+1', 4, 'testo del post 4'),
(237, 'www.google.it/post10', '2013-06-11', '+1', 19, 'testo del post 19'),
(238, 'www.google.it/post11', '2013-06-14', '+1', 11, 'testo del post 11'),
(239, 'www.google.it/post12', '2013-06-12', '+1', 25, 'testo del post 25'),
(240, 'www.google.it/post13', '2013-06-19', '+1', 2, 'testo del post 2'),
(241, 'www.google.it/post14', '2013-06-04', '+1', 3, 'testo del post 3'),
(242, 'www.google.it/post15', '2013-06-28', '+1', 29, 'testo del post 29'),
(243, 'www.google.it/post16', '2013-06-04', '+1', 11, 'testo del post 11'),
(244, 'www.google.it/post17', '2013-06-11', '+1', 10, 'testo del post 10'),
(245, 'www.google.it/post18', '2013-06-27', '+1', 1, 'testo del post 1'),
(246, 'www.google.it/post19', '2013-06-27', '+1', 13, 'testo del post 13'),
(247, 'www.google.it/post20', '2013-06-17', '+1', 26, 'testo del post 26'),
(248, 'www.google.it/post21', '2013-06-10', '+1', 6, 'testo del post 6'),
(249, 'www.google.it/post22', '2013-06-07', '+1', 28, 'testo del post 28'),
(250, 'www.google.it/post23', '2013-06-09', '+1', 7, 'testo del post 7'),
(251, 'www.google.it/post24', '2013-06-28', '+1', 14, 'testo del post 14'),
(252, 'www.google.it/post25', '2013-06-25', '+1', 1, 'testo del post 1'),
(253, 'www.google.it/post26', '2013-06-04', '+1', 17, 'testo del post 17'),
(254, 'www.google.it/post27', '2013-06-02', '+1', 27, 'testo del post 27'),
(255, 'www.google.it/post28', '2013-06-10', '+1', 9, 'testo del post 9'),
(256, 'www.google.it/post29', '2013-06-28', '+1', 24, 'testo del post 24'),
(257, 'www.google.it/post30', '2013-06-09', '+1', 11, 'testo del post 11'),
(258, 'www.google.it/post31', '2013-06-21', '+1', 7, 'testo del post 7'),
(259, 'www.google.it/post32', '2013-06-19', '+1', 4, 'testo del post 4'),
(260, 'www.google.it/post33', '2013-06-26', '+1', 28, 'testo del post 28'),
(261, 'www.google.it/post34', '2013-06-17', '+1', 9, 'testo del post 9'),
(262, 'www.google.it/post35', '2013-06-18', '+1', 16, 'testo del post 16'),
(263, 'www.google.it/post36', '2013-06-10', '+1', 4, 'testo del post 4'),
(264, 'www.google.it/post37', '2013-06-01', '+1', 10, 'testo del post 10'),
(265, 'www.google.it/post38', '2013-06-16', '+1', 16, 'testo del post 16'),
(266, 'www.google.it/post39', '2013-06-24', '+1', 3, 'testo del post 3'),
(267, 'www.google.it/post40', '2013-06-05', '+1', 26, 'testo del post 26'),
(268, 'www.google.it/post41', '2013-06-28', '+1', 22, 'testo del post 22'),
(269, 'www.google.it/post42', '2013-06-28', '+1', 16, 'testo del post 16'),
(270, 'www.google.it/post43', '2013-06-24', '+1', 12, 'testo del post 12'),
(271, 'www.google.it/post44', '2013-06-05', '+1', 15, 'testo del post 15'),
(272, 'www.google.it/post45', '2013-06-26', '+1', 7, 'testo del post 7'),
(273, 'www.google.it/post46', '2013-06-16', '+1', 20, 'testo del post 20'),
(274, 'www.google.it/post47', '2013-06-15', '+1', 20, 'testo del post 20'),
(275, 'www.google.it/post48', '2013-06-12', '+1', 2, 'testo del post 2'),
(276, 'www.google.it/post49', '2013-06-26', '+1', 10, 'testo del post 10'),
(277, 'www.google.it/post50', '2013-06-14', '+1', 10, 'testo del post 10'),
(278, 'www.google.it/post51', '2013-06-09', '+1', 27, 'testo del post 27'),
(279, 'www.google.it/post52', '2013-06-10', '+1', 27, 'testo del post 27'),
(280, 'www.google.it/post53', '2013-06-24', '+1', 22, 'testo del post 22'),
(281, 'www.google.it/post54', '2013-06-20', '+1', 2, 'testo del post 2'),
(282, 'www.google.it/post55', '2013-06-28', '+1', 26, 'testo del post 26'),
(283, 'www.google.it/post56', '2013-06-01', '+1', 28, 'testo del post 28'),
(284, 'www.google.it/post57', '2013-06-06', '+1', 25, 'testo del post 25'),
(285, 'www.google.it/post58', '2013-06-18', '+1', 20, 'testo del post 20'),
(286, 'www.google.it/post59', '2013-06-09', '+1', 11, 'testo del post 11'),
(287, 'www.google.it/post60', '2013-06-08', '+1', 18, 'testo del post 18'),
(288, 'www.google.it/post61', '2013-06-22', '+1', 28, 'testo del post 28'),
(289, 'www.google.it/post62', '2013-06-28', '+1', 13, 'testo del post 13'),
(290, 'www.google.it/post63', '2013-06-24', '+1', 20, 'testo del post 20'),
(291, 'www.google.it/post64', '2013-06-04', '+1', 16, 'testo del post 16'),
(292, 'www.google.it/post65', '2013-06-18', '+1', 15, 'testo del post 15'),
(293, 'www.google.it/post66', '2013-06-16', '+1', 6, 'testo del post 6'),
(294, 'www.google.it/post67', '2013-06-18', '+1', 13, 'testo del post 13'),
(295, 'www.google.it/post68', '2013-06-29', '+1', 27, 'testo del post 27'),
(296, 'www.google.it/post69', '2013-06-04', '+1', 8, 'testo del post 8'),
(297, 'www.google.it/post70', '2013-06-13', '+1', 22, 'testo del post 22'),
(298, 'www.google.it/post71', '2013-06-29', '+1', 29, 'testo del post 29'),
(299, 'www.google.it/post72', '2013-06-29', '+1', 14, 'testo del post 14'),
(300, 'www.google.it/post73', '2013-06-13', '+1', 25, 'testo del post 25'),
(301, 'www.google.it/post74', '2013-06-06', '+1', 7, 'testo del post 7'),
(302, 'www.google.it/post75', '2013-06-04', '+1', 22, 'testo del post 22'),
(303, 'www.google.it/post76', '2013-06-25', '+1', 8, 'testo del post 8'),
(304, 'www.google.it/post77', '2013-06-14', '+1', 24, 'testo del post 24'),
(305, 'www.google.it/post78', '2013-06-14', '+1', 19, 'testo del post 19'),
(306, 'www.google.it/post79', '2013-06-04', '+1', 6, 'testo del post 6'),
(307, 'www.google.it/post80', '2013-06-19', '+1', 24, 'testo del post 24'),
(308, 'www.google.it/post81', '2013-06-10', '+1', 23, 'testo del post 23'),
(309, 'www.google.it/post82', '2013-06-22', '+1', 26, 'testo del post 26'),
(310, 'www.google.it/post83', '2013-06-19', '+1', 19, 'testo del post 19'),
(311, 'www.google.it/post84', '2013-06-07', '+1', 2, 'testo del post 2'),
(312, 'www.google.it/post85', '2013-06-20', '+1', 26, 'testo del post 26'),
(313, 'www.google.it/post86', '2013-06-05', '+1', 13, 'testo del post 13'),
(314, 'www.google.it/post87', '2013-06-10', '+1', 2, 'testo del post 2'),
(315, 'www.google.it/post88', '2013-06-13', '+1', 29, 'testo del post 29'),
(316, 'www.google.it/post89', '2013-06-17', '+1', 12, 'testo del post 12'),
(317, 'www.google.it/post90', '2013-06-04', '+1', 21, 'testo del post 21'),
(318, 'www.google.it/post91', '2013-06-13', '+1', 14, 'testo del post 14'),
(319, 'www.google.it/post92', '2013-06-17', '+1', 4, 'testo del post 4'),
(320, 'www.google.it/post93', '2013-06-21', '+1', 9, 'testo del post 9'),
(321, 'www.google.it/post94', '2013-06-17', '-1', 22, 'testo del post 22'),
(322, 'www.google.it/post95', '2013-06-13', '-1', 9, 'testo del post 9'),
(323, 'www.google.it/post96', '2013-06-05', '-1', 11, 'testo del post 11'),
(324, 'www.google.it/post97', '2013-06-10', '-1', 10, 'testo del post 10'),
(325, 'www.google.it/post98', '2013-06-24', '-1', 14, 'testo del post 14'),
(326, 'www.google.it/post99', '2013-06-06', '-1', 21, 'testo del post 21'),
(327, 'www.google.it/post100', '2013-06-06', '-1', 6, 'testo del post 6'),
(328, 'www.google.it/post101', '2013-06-05', '-1', 12, 'testo del post 12'),
(329, 'www.google.it/post102', '2013-06-29', '-1', 26, 'testo del post 26'),
(330, 'www.google.it/post103', '2013-06-14', '-1', 22, 'testo del post 22'),
(331, 'www.google.it/post104', '2013-06-26', '-1', 15, 'testo del post 15'),
(332, 'www.google.it/post105', '2013-06-08', '-1', 20, 'testo del post 20'),
(333, 'www.google.it/post106', '2013-06-29', '-1', 3, 'testo del post 3'),
(334, 'www.google.it/post107', '2013-06-03', '-1', 3, 'testo del post 3'),
(335, 'www.google.it/post108', '2013-06-08', '-1', 6, 'testo del post 6'),
(336, 'www.google.it/post109', '2013-06-22', '-1', 27, 'testo del post 27'),
(337, 'www.google.it/post110', '2013-06-28', '-1', 24, 'testo del post 24'),
(338, 'www.google.it/post111', '2013-06-28', '-1', 29, 'testo del post 29'),
(339, 'www.google.it/post112', '2013-06-26', '-1', 26, 'testo del post 26'),
(340, 'www.google.it/post113', '2013-06-01', '-1', 23, 'testo del post 23'),
(341, 'www.google.it/post114', '2013-06-25', '-1', 5, 'testo del post 5'),
(342, 'www.google.it/post115', '2013-06-01', '-1', 3, 'testo del post 3'),
(343, 'www.google.it/post116', '2013-06-05', '-1', 17, 'testo del post 17'),
(344, 'www.google.it/post117', '2013-06-16', '-1', 12, 'testo del post 12'),
(345, 'www.google.it/post118', '2013-06-04', '-1', 25, 'testo del post 25'),
(346, 'www.google.it/post119', '2013-06-23', '-1', 23, 'testo del post 23'),
(347, 'www.google.it/post120', '2013-06-27', '-1', 17, 'testo del post 17'),
(348, 'www.google.it/post121', '2013-06-02', '-1', 2, 'testo del post 2'),
(349, 'www.google.it/post122', '2013-06-01', '-1', 27, 'testo del post 27'),
(350, 'www.google.it/post123', '2013-06-08', '-1', 21, 'testo del post 21'),
(351, 'www.google.it/post124', '2013-06-24', '-1', 17, 'testo del post 17'),
(352, 'www.google.it/post125', '2013-06-19', '-1', 14, 'testo del post 14'),
(353, 'www.google.it/post126', '2013-06-28', '-1', 14, 'testo del post 14'),
(354, 'www.google.it/post127', '2013-06-08', '-1', 4, 'testo del post 4'),
(355, 'www.google.it/post128', '2013-06-22', '-1', 9, 'testo del post 9'),
(356, 'www.google.it/post129', '2013-06-27', '-1', 10, 'testo del post 10'),
(357, 'www.google.it/post130', '2013-06-20', '-1', 10, 'testo del post 10'),
(358, 'www.google.it/post131', '2013-06-02', '-1', 13, 'testo del post 13'),
(359, 'www.google.it/post132', '2013-06-19', '-1', 18, 'testo del post 18'),
(360, 'www.google.it/post133', '2013-06-11', '-1', 27, 'testo del post 27'),
(361, 'www.google.it/post134', '2013-06-02', '-1', 25, 'testo del post 25'),
(362, 'www.google.it/post135', '2013-06-20', '-1', 2, 'testo del post 2'),
(363, 'www.google.it/post136', '2013-06-28', '-1', 25, 'testo del post 25'),
(364, 'www.google.it/post137', '2013-06-08', '-1', 1, 'testo del post 1'),
(365, 'www.google.it/post138', '2013-06-02', '-1', 21, 'testo del post 21'),
(366, 'www.google.it/post139', '2013-06-09', '-1', 14, 'testo del post 14'),
(367, 'www.google.it/post140', '2013-06-06', '-1', 4, 'testo del post 4'),
(368, 'www.google.it/post141', '2013-06-14', '-1', 7, 'testo del post 7'),
(369, 'www.google.it/post142', '2013-06-22', '-1', 8, 'testo del post 8'),
(370, 'www.google.it/post143', '2013-06-27', '-1', 9, 'testo del post 9'),
(371, 'www.google.it/post144', '2013-06-10', '-1', 28, 'testo del post 28'),
(372, 'www.google.it/post145', '2013-06-05', '-1', 5, 'testo del post 5'),
(373, 'www.google.it/post146', '2013-06-04', '-1', 7, 'testo del post 7'),
(374, 'www.google.it/post147', '2013-06-20', '-1', 18, 'testo del post 18'),
(375, 'www.google.it/post148', '2013-06-06', '-1', 24, 'testo del post 24'),
(376, 'www.google.it/post149', '2013-06-14', '-1', 8, 'testo del post 8'),
(377, 'www.google.it/post150', '2013-06-22', '-1', 13, 'testo del post 13'),
(378, 'www.google.it/post151', '2013-06-06', '-1', 21, 'testo del post 21'),
(379, 'www.google.it/post152', '2013-06-11', '-1', 8, 'testo del post 8'),
(380, 'www.google.it/post153', '2013-06-05', '-1', 6, 'testo del post 6'),
(381, 'www.google.it/post154', '2013-06-27', '-1', 20, 'testo del post 20'),
(382, 'www.google.it/post155', '2013-06-21', '-1', 26, 'testo del post 26'),
(383, 'www.google.it/post156', '2013-06-01', '-1', 19, 'testo del post 19'),
(384, 'www.google.it/post157', '2013-06-13', '-1', 19, 'testo del post 19'),
(385, 'www.google.it/post158', '2013-06-16', '-1', 19, 'testo del post 19'),
(386, 'www.google.it/post159', '2013-06-09', '-1', 15, 'testo del post 15'),
(387, 'www.google.it/post160', '2013-06-03', '-1', 23, 'testo del post 23'),
(388, 'www.google.it/post161', '2013-06-01', '-1', 19, 'testo del post 19'),
(389, 'www.google.it/post162', '2013-06-11', '-1', 25, 'testo del post 25'),
(390, 'www.google.it/post163', '2013-06-01', '-1', 1, 'testo del post 1'),
(391, 'www.google.it/post164', '2013-06-20', '-1', 6, 'testo del post 6'),
(392, 'www.google.it/post165', '2013-06-25', '-1', 27, 'testo del post 27'),
(393, 'www.google.it/post166', '2013-06-24', '-1', 6, 'testo del post 6'),
(394, 'www.google.it/post167', '2013-06-08', '-1', 17, 'testo del post 17'),
(395, 'www.google.it/post168', '2013-06-17', '-1', 26, 'testo del post 26'),
(396, 'www.google.it/post169', '2013-06-07', '-1', 24, 'testo del post 24'),
(397, 'www.google.it/post170', '2013-06-18', '-1', 4, 'testo del post 4'),
(398, 'www.google.it/post171', '2013-06-02', '-1', 5, 'testo del post 5'),
(399, 'www.google.it/post172', '2013-06-05', '-1', 19, 'testo del post 19'),
(400, 'www.google.it/post173', '2013-06-28', '-1', 15, 'testo del post 15'),
(401, 'www.google.it/post174', '2013-06-26', '-1', 8, 'testo del post 8'),
(402, 'www.google.it/post175', '2013-06-14', '-1', 16, 'testo del post 16'),
(403, 'www.google.it/post176', '2013-06-19', '-1', 27, 'testo del post 27'),
(404, 'www.google.it/post177', '2013-06-07', '-1', 24, 'testo del post 24'),
(405, 'www.google.it/post178', '2013-06-21', '-1', 8, 'testo del post 8'),
(406, 'www.google.it/post179', '2013-06-01', '-1', 6, 'testo del post 6'),
(407, 'www.google.it/post180', '2013-06-26', '-1', 6, 'testo del post 6'),
(408, 'www.google.it/post181', '2013-06-20', '-1', 9, 'testo del post 9'),
(409, 'www.google.it/post182', '2013-06-02', '-1', 8, 'testo del post 8'),
(410, 'www.google.it/post183', '2013-06-14', '-1', 29, 'testo del post 29'),
(411, 'www.google.it/post184', '2013-06-15', '-1', 6, 'testo del post 6'),
(412, 'www.google.it/post185', '2013-06-06', '-1', 5, 'testo del post 5'),
(413, 'www.google.it/post186', '2013-06-10', '-1', 23, 'testo del post 23'),
(414, 'www.google.it/post187', '2013-06-21', '-1', 25, 'testo del post 25'),
(415, 'www.google.it/post188', '2013-06-13', '-1', 8, 'testo del post 8'),
(416, 'www.google.it/post189', '2013-06-06', '-1', 4, 'testo del post 4'),
(417, 'www.google.it/post190', '2013-06-27', '-1', 9, 'testo del post 9'),
(418, 'www.google.it/post191', '2013-06-08', '-1', 14, 'testo del post 14'),
(419, 'www.google.it/post192', '2013-06-04', '-1', 13, 'testo del post 13'),
(420, 'www.google.it/post193', '2013-06-03', '-1', 2, 'testo del post 2'),
(421, 'www.google.it/post194', '2013-06-21', '-1', 1, 'testo del post 1'),
(422, 'www.google.it/post195', '2013-06-22', '-1', 15, 'testo del post 15'),
(423, 'www.google.it/post196', '2013-06-11', '-1', 26, 'testo del post 26'),
(424, 'www.google.it/post197', '2013-06-05', '-1', 29, 'testo del post 29'),
(425, 'www.google.it/post198', '2013-06-28', '-1', 18, 'testo del post 18'),
(426, 'www.google.it/post199', '2013-06-28', '-1', 27, 'testo del post 27'),
(427, 'www.google.it/post200', '2013-06-24', '-1', 28, 'testo del post 28'),
(428, 'www.google.it/post201', '2013-06-25', '-1', 14, 'testo del post 14'),
(429, 'www.google.it/post202', '2013-06-24', '-1', 1, 'testo del post 1'),
(430, 'www.google.it/post203', '2013-06-01', '-1', 13, 'testo del post 13'),
(431, 'www.google.it/post204', '2013-06-02', '-1', 3, 'testo del post 3'),
(432, 'www.google.it/post205', '2013-06-18', '-1', 2, 'testo del post 2'),
(433, 'www.google.it/post206', '2013-06-03', '-1', 7, 'testo del post 7'),
(434, 'www.google.it/post207', '2013-06-03', '-1', 5, 'testo del post 5'),
(435, 'www.google.it/post208', '2013-06-02', '-1', 10, 'testo del post 10'),
(436, 'www.google.it/post209', '2013-06-12', '-1', 20, 'testo del post 20'),
(437, 'www.google.it/post210', '2013-06-08', '-1', 14, 'testo del post 14'),
(438, 'www.google.it/post211', '2013-06-17', '-1', 14, 'testo del post 14'),
(439, 'www.google.it/post212', '2013-06-08', '-1', 2, 'testo del post 2'),
(440, 'www.google.it/post213', '2013-06-28', '-1', 19, 'testo del post 19'),
(441, 'www.google.it/post214', '2013-06-12', '-1', 3, 'testo del post 3'),
(442, 'www.google.it/post215', '2013-06-24', '-1', 16, 'testo del post 16'),
(443, 'www.google.it/post216', '2013-06-29', '-1', 19, 'testo del post 19'),
(444, 'www.google.it/post217', '2013-06-08', '-1', 12, 'testo del post 12'),
(445, 'www.google.it/post218', '2013-06-07', '-1', 26, 'testo del post 26'),
(446, 'www.google.it/post219', '2013-06-25', '-1', 15, 'testo del post 15'),
(447, 'www.google.it/post220', '2013-06-09', '-1', 5, 'testo del post 5'),
(448, 'www.google.it/post221', '2013-06-16', '-1', 12, 'testo del post 12'),
(449, 'www.google.it/post222', '2013-06-28', '-1', 28, 'testo del post 28'),
(450, 'www.google.it/post223', '2013-06-01', '-1', 12, 'testo del post 12'),
(451, 'www.google.it/post224', '2013-06-20', '-1', 18, 'testo del post 18'),
(452, 'www.google.it/post225', '2013-06-18', '-1', 4, 'testo del post 4'),
(453, 'www.google.it/post226', '2013-06-22', '-1', 12, 'testo del post 12'),
(454, 'www.google.it/post227', '2013-06-13', '-1', 28, 'testo del post 28'),
(455, 'www.google.it/post228', '2013-06-11', '-1', 1, 'testo del post 1'),
(456, 'www.google.it/post229', '2013-06-18', '-1', 4, 'testo del post 4'),
(457, 'www.google.it/post230', '2013-06-24', '-1', 17, 'testo del post 17'),
(458, 'www.google.it/post231', '2013-06-17', '-1', 13, 'testo del post 13'),
(459, 'www.google.it/post232', '2013-06-02', '-1', 12, 'testo del post 12'),
(460, 'www.google.it/post233', '2013-06-01', '-1', 26, 'testo del post 26'),
(461, 'www.google.it/post234', '2013-06-12', '-1', 6, 'testo del post 6'),
(462, 'www.google.it/post235', '2013-06-07', '-1', 17, 'testo del post 17'),
(463, 'www.google.it/post236', '2013-06-28', '-1', 8, 'testo del post 8'),
(464, 'www.google.it/post237', '2013-06-08', '-1', 29, 'testo del post 29'),
(465, 'www.google.it/post238', '2013-06-24', '-1', 2, 'testo del post 2'),
(466, 'www.google.it/post239', '2013-06-09', '-1', 13, 'testo del post 13'),
(467, 'www.google.it/post240', '2013-06-21', '-1', 12, 'testo del post 12'),
(468, 'www.google.it/post241', '2013-06-05', '-1', 28, 'testo del post 28'),
(469, 'www.google.it/post242', '2013-06-11', '-1', 24, 'testo del post 24'),
(470, 'www.google.it/post243', '2013-06-28', '-1', 18, 'testo del post 18'),
(471, 'www.google.it/post244', '2013-06-17', '-1', 13, 'testo del post 13'),
(472, 'www.google.it/post245', '2013-06-19', '-1', 16, 'testo del post 16'),
(473, 'www.google.it/post246', '2013-06-04', '-1', 26, 'testo del post 26'),
(474, 'www.google.it/post247', '2013-06-25', '-1', 3, 'testo del post 3'),
(475, 'www.google.it/post248', '2013-06-27', '-1', 13, 'testo del post 13'),
(476, 'www.google.it/post249', '2013-06-28', '-1', 2, 'testo del post 2'),
(477, 'www.google.it/post250', '2013-06-22', '-1', 13, 'testo del post 13'),
(478, 'www.google.it/post251', '2013-06-18', '-1', 13, 'testo del post 13'),
(479, 'www.google.it/post252', '2013-06-20', '-1', 20, 'testo del post 20'),
(480, 'www.google.it/post253', '2013-06-05', '-1', 10, 'testo del post 10'),
(481, 'www.google.it/post254', '2013-06-12', '-1', 5, 'testo del post 5'),
(482, 'www.google.it/post255', '2013-06-27', '-1', 25, 'testo del post 25'),
(483, 'www.google.it/post256', '2013-06-24', '-1', 21, 'testo del post 21'),
(484, 'www.google.it/post257', '2013-06-05', '-1', 17, 'testo del post 17'),
(485, 'www.google.it/post258', '2013-06-06', '-1', 13, 'testo del post 13'),
(486, 'www.google.it/post259', '2013-06-28', '-1', 8, 'testo del post 8'),
(487, 'www.google.it/post260', '2013-06-13', '-1', 13, 'testo del post 13'),
(488, 'www.google.it/post261', '2013-06-16', '-1', 23, 'testo del post 23'),
(489, 'www.google.it/post262', '2013-06-09', '-1', 29, 'testo del post 29'),
(490, 'www.google.it/post263', '2013-06-15', '-1', 13, 'testo del post 13'),
(491, 'www.google.it/post264', '2013-06-15', '-1', 22, 'testo del post 22'),
(492, 'www.google.it/post265', '2013-06-04', '-1', 28, 'testo del post 28'),
(493, 'www.google.it/post266', '2013-06-19', '-1', 5, 'testo del post 5'),
(494, 'www.google.it/post267', '2013-06-15', '-1', 13, 'testo del post 13'),
(495, 'www.google.it/post268', '2013-06-19', '-1', 12, 'testo del post 12'),
(496, 'www.google.it/post269', '2013-06-09', '-1', 17, 'testo del post 17'),
(497, 'www.google.it/post270', '2013-06-25', '-1', 25, 'testo del post 25'),
(498, 'www.google.it/post271', '2013-06-03', '-1', 29, 'testo del post 29'),
(499, 'www.google.it/post272', '2013-06-22', '-1', 25, 'testo del post 25'),
(500, 'www.google.it/post273', '2013-06-12', '-1', 7, 'testo del post 7'),
(501, 'www.google.it/post274', '2013-06-05', '-1', 23, 'testo del post 23'),
(502, 'www.google.it/post275', '2013-06-14', '-1', 12, 'testo del post 12'),
(503, 'www.google.it/post276', '2013-06-19', '-1', 6, 'testo del post 6'),
(504, 'www.google.it/post277', '2013-06-04', '-1', 19, 'testo del post 19'),
(505, 'www.google.it/post278', '2013-06-09', '-1', 13, 'testo del post 13'),
(506, 'www.google.it/post279', '2013-06-18', '-1', 12, 'testo del post 12'),
(507, 'www.google.it/post280', '2013-06-22', '-1', 2, 'testo del post 2'),
(508, 'www.google.it/post281', '2013-06-16', '-1', 20, 'testo del post 20'),
(509, 'www.google.it/post282', '2013-06-23', '-1', 1, 'testo del post 1'),
(510, 'www.google.it/post283', '2013-06-18', '-1', 16, 'testo del post 16'),
(511, 'www.google.it/post284', '2013-06-07', '-1', 10, 'testo del post 10'),
(512, 'www.google.it/post285', '2013-06-08', '-1', 8, 'testo del post 8'),
(513, 'www.google.it/post286', '2013-06-27', '-1', 18, 'testo del post 18'),
(514, 'www.google.it/post287', '2013-06-04', '-1', 20, 'testo del post 20'),
(515, 'www.google.it/post288', '2013-06-10', '-1', 6, 'testo del post 6'),
(516, 'www.google.it/post289', '2013-06-22', '-1', 2, 'testo del post 2'),
(517, 'www.google.it/post290', '2013-06-11', '-1', 6, 'testo del post 6'),
(518, 'www.google.it/post291', '2013-06-21', '-1', 12, 'testo del post 12'),
(519, 'www.google.it/post292', '2013-06-20', '-1', 15, 'testo del post 15'),
(520, 'www.google.it/post293', '2013-06-26', '-1', 29, 'testo del post 29'),
(521, 'www.google.it/post294', '2013-06-06', '-1', 17, 'testo del post 17'),
(522, 'www.google.it/post295', '2013-06-12', '-1', 6, 'testo del post 6'),
(523, 'www.google.it/post296', '2013-06-04', '-1', 6, 'testo del post 6'),
(524, 'www.google.it/post297', '2013-06-07', '-1', 6, 'testo del post 6'),
(525, 'www.google.it/post298', '2013-06-28', '-1', 4, 'testo del post 4'),
(526, 'www.google.it/post299', '2013-06-17', '-1', 13, 'testo del post 13'),
(527, 'www.google.it/post1', '2013-06-02', '-1', 28, 'testo del post inserito'),
(528, 'www.google.it/post2', '2013-06-15', '-1', 3, 'testo del post inserito'),
(529, 'www.google.it/post3', '2013-06-20', '-1', 23, 'testo del post inserito'),
(530, 'www.google.it/post4', '2013-06-07', '-1', 23, 'testo del post inserito'),
(531, 'www.google.it/post5', '2013-06-10', '-1', 22, 'testo del post inserito'),
(532, 'www.google.it/post6', '2013-06-24', '-1', 23, 'testo del post inserito'),
(533, 'www.google.it/post7', '2013-06-27', '-1', 17, 'testo del post inserito'),
(534, 'www.google.it/post8', '2013-06-08', '-1', 21, 'testo del post inserito'),
(535, 'www.google.it/post9', '2013-06-19', '-1', 23, 'testo del post inserito'),
(536, 'www.google.it/post10', '2013-06-29', '-1', 3, 'testo del post inserito'),
(537, 'www.google.it/post11', '2013-06-14', '-1', 29, 'testo del post inserito'),
(538, 'www.google.it/post12', '2013-06-11', '-1', 8, 'testo del post inserito'),
(539, 'www.google.it/post13', '2013-06-28', '-1', 26, 'testo del post inserito'),
(540, 'www.google.it/post14', '2013-06-04', '-1', 13, 'testo del post inserito'),
(541, 'www.google.it/post15', '2013-06-25', '-1', 21, 'testo del post inserito'),
(542, 'www.google.it/post16', '2013-06-25', '-1', 8, 'testo del post inserito'),
(543, 'www.google.it/post17', '2013-06-28', '-1', 4, 'testo del post inserito'),
(544, 'www.google.it/post18', '2013-06-20', '-1', 15, 'testo del post inserito'),
(545, 'www.google.it/post19', '2013-06-28', '-1', 22, 'testo del post inserito'),
(546, 'www.google.it/post20', '2013-06-02', '-1', 7, 'testo del post inserito'),
(547, 'www.google.it/post21', '2013-06-07', '-1', 5, 'testo del post inserito'),
(548, 'www.google.it/post22', '2013-06-24', '-1', 2, 'testo del post inserito'),
(549, 'www.google.it/post23', '2013-06-07', '-1', 17, 'testo del post inserito'),
(550, 'www.google.it/post24', '2013-06-10', '-1', 27, 'testo del post inserito'),
(551, 'www.google.it/post25', '2013-06-21', '-1', 17, 'testo del post inserito'),
(552, 'www.google.it/post26', '2013-06-28', '-1', 25, 'testo del post inserito'),
(553, 'www.google.it/post27', '2013-06-05', '-1', 27, 'testo del post inserito'),
(554, 'www.google.it/post28', '2013-06-26', '-1', 3, 'testo del post inserito'),
(555, 'www.google.it/post29', '2013-06-26', '-1', 4, 'testo del post inserito'),
(556, 'www.google.it/post30', '2013-06-14', '-1', 29, 'testo del post inserito'),
(557, 'www.google.it/post31', '2013-06-14', '-1', 28, 'testo del post inserito'),
(558, 'www.google.it/post32', '2013-06-10', '-1', 11, 'testo del post inserito'),
(559, 'www.google.it/post33', '2013-06-14', '-1', 24, 'testo del post inserito'),
(560, 'www.google.it/post34', '2013-06-14', '-1', 7, 'testo del post inserito'),
(561, 'www.google.it/post35', '2013-06-22', '-1', 18, 'testo del post inserito'),
(562, 'www.google.it/post36', '2013-06-13', '-1', 26, 'testo del post inserito'),
(563, 'www.google.it/post37', '2013-06-09', '-1', 8, 'testo del post inserito'),
(564, 'www.google.it/post38', '2013-06-13', '-1', 23, 'testo del post inserito'),
(565, 'www.google.it/post39', '2013-06-15', '-1', 14, 'testo del post inserito'),
(566, 'www.google.it/post40', '2013-06-29', '-1', 1, 'testo del post inserito'),
(567, 'www.google.it/post41', '2013-06-26', '-1', 2, 'testo del post inserito'),
(568, 'www.google.it/post42', '2013-06-07', '-1', 4, 'testo del post inserito'),
(569, 'www.google.it/post43', '2013-06-08', '-1', 15, 'testo del post inserito'),
(570, 'www.google.it/post44', '2013-06-20', '-1', 26, 'testo del post inserito'),
(571, 'www.google.it/post45', '2013-06-23', '-1', 12, 'testo del post inserito'),
(572, 'www.google.it/post46', '2013-06-19', '-1', 18, 'testo del post inserito'),
(573, 'www.google.it/post47', '2013-06-22', '-1', 24, 'testo del post inserito'),
(574, 'www.google.it/post48', '2013-06-20', '-1', 6, 'testo del post inserito'),
(575, 'www.google.it/post49', '2013-06-16', '-1', 14, 'testo del post inserito'),
(576, 'www.google.it/post50', '2013-06-24', '-1', 14, 'testo del post inserito'),
(577, 'www.google.it/post51', '2013-06-19', '-1', 16, 'testo del post inserito'),
(578, 'www.google.it/post52', '2013-06-19', '-1', 5, 'testo del post inserito'),
(579, 'www.google.it/post53', '2013-06-02', '-1', 13, 'testo del post inserito'),
(580, 'www.google.it/post54', '2013-06-19', '-1', 26, 'testo del post inserito'),
(581, 'www.google.it/post55', '2013-06-08', '-1', 29, 'testo del post inserito'),
(582, 'www.google.it/post56', '2013-06-05', '-1', 12, 'testo del post inserito'),
(583, 'www.google.it/post57', '2013-06-13', '-1', 15, 'testo del post inserito'),
(584, 'www.google.it/post58', '2013-06-21', '-1', 1, 'testo del post inserito'),
(585, 'www.google.it/post59', '2013-06-21', '-1', 8, 'testo del post inserito'),
(586, 'www.google.it/post60', '2013-06-22', '-1', 3, 'testo del post inserito'),
(587, 'www.google.it/post61', '2013-06-28', '-1', 20, 'testo del post inserito'),
(588, 'www.google.it/post62', '2013-06-17', '-1', 20, 'testo del post inserito'),
(589, 'www.google.it/post63', '2013-06-09', '-1', 20, 'testo del post inserito'),
(590, 'www.google.it/post64', '2013-06-27', '-1', 9, 'testo del post inserito'),
(591, 'www.google.it/post65', '2013-06-04', '-1', 22, 'testo del post inserito'),
(592, 'www.google.it/post66', '2013-06-16', '-1', 3, 'testo del post inserito'),
(593, 'www.google.it/post67', '2013-06-11', '-1', 25, 'testo del post inserito'),
(594, 'www.google.it/post68', '2013-06-25', '-1', 25, 'testo del post inserito'),
(595, 'www.google.it/post69', '2013-06-08', '-1', 21, 'testo del post inserito'),
(596, 'www.google.it/post70', '2013-06-10', '-1', 25, 'testo del post inserito'),
(597, 'www.google.it/post71', '2013-06-13', '-1', 9, 'testo del post inserito'),
(598, 'www.google.it/post72', '2013-06-22', '-1', 18, 'testo del post inserito'),
(599, 'www.google.it/post73', '2013-06-12', '-1', 16, 'testo del post inserito'),
(600, 'www.google.it/post74', '2013-06-16', '-1', 22, 'testo del post inserito'),
(601, 'www.google.it/post75', '2013-06-11', '-1', 12, 'testo del post inserito'),
(602, 'www.google.it/post76', '2013-06-02', '-1', 13, 'testo del post inserito'),
(603, 'www.google.it/post77', '2013-06-07', '-1', 5, 'testo del post inserito'),
(604, 'www.google.it/post78', '2013-06-15', '-1', 4, 'testo del post inserito'),
(605, 'www.google.it/post79', '2013-06-19', '-1', 26, 'testo del post inserito'),
(606, 'www.google.it/post80', '2013-06-24', '-1', 4, 'testo del post inserito'),
(607, 'www.google.it/post81', '2013-06-10', '-1', 9, 'testo del post inserito'),
(608, 'www.google.it/post82', '2013-06-12', '-1', 27, 'testo del post inserito'),
(609, 'www.google.it/post83', '2013-06-09', '-1', 17, 'testo del post inserito'),
(610, 'www.google.it/post84', '2013-06-19', '-1', 26, 'testo del post inserito'),
(611, 'www.google.it/post85', '2013-06-20', '-1', 5, 'testo del post inserito'),
(612, 'www.google.it/post86', '2013-06-16', '-1', 5, 'testo del post inserito'),
(613, 'www.google.it/post87', '2013-06-01', '-1', 21, 'testo del post inserito'),
(614, 'www.google.it/post88', '2013-06-11', '-1', 25, 'testo del post inserito'),
(615, 'www.google.it/post89', '2013-06-09', '-1', 20, 'testo del post inserito'),
(616, 'www.google.it/post90', '2013-06-06', '-1', 26, 'testo del post inserito'),
(617, 'www.google.it/post91', '2013-06-03', '-1', 15, 'testo del post inserito'),
(618, 'www.google.it/post92', '2013-06-17', '-1', 13, 'testo del post inserito'),
(619, 'www.google.it/post93', '2013-06-21', '-1', 12, 'testo del post inserito'),
(620, 'www.google.it/post94', '2013-06-08', '-1', 2, 'testo del post inserito'),
(621, 'www.google.it/post95', '2013-06-29', '0', 14, 'testo del post inserito'),
(622, 'www.google.it/post96', '2013-06-22', '0', 16, 'testo del post inserito'),
(623, 'www.google.it/post97', '2013-06-24', '0', 22, 'testo del post inserito'),
(624, 'www.google.it/post98', '2013-06-12', '0', 20, 'testo del post inserito'),
(625, 'www.google.it/post99', '2013-06-13', '0', 5, 'testo del post inserito'),
(626, 'www.google.it/post100', '2013-06-16', '0', 15, 'testo del post inserito'),
(627, 'www.google.it/post101', '2013-06-09', '0', 28, 'testo del post inserito'),
(628, 'www.google.it/post102', '2013-06-27', '0', 9, 'testo del post inserito'),
(629, 'www.google.it/post103', '2013-06-25', '0', 27, 'testo del post inserito'),
(630, 'www.google.it/post104', '2013-06-26', '0', 2, 'testo del post inserito'),
(631, 'www.google.it/post105', '2013-06-18', '0', 25, 'testo del post inserito'),
(632, 'www.google.it/post106', '2013-06-27', '0', 23, 'testo del post inserito'),
(633, 'www.google.it/post107', '2013-06-14', '0', 8, 'testo del post inserito'),
(634, 'www.google.it/post108', '2013-06-10', '0', 17, 'testo del post inserito'),
(635, 'www.google.it/post109', '2013-06-04', '0', 27, 'testo del post inserito'),
(636, 'www.google.it/post110', '2013-06-11', '0', 11, 'testo del post inserito'),
(637, 'www.google.it/post111', '2013-06-26', '0', 13, 'testo del post inserito'),
(638, 'www.google.it/post112', '2013-06-20', '0', 26, 'testo del post inserito'),
(639, 'www.google.it/post113', '2013-06-05', '0', 7, 'testo del post inserito'),
(640, 'www.google.it/post114', '2013-06-09', '0', 23, 'testo del post inserito'),
(641, 'www.google.it/post115', '2013-06-03', '0', 21, 'testo del post inserito'),
(642, 'www.google.it/post116', '2013-06-08', '0', 7, 'testo del post inserito'),
(643, 'www.google.it/post117', '2013-06-11', '0', 10, 'testo del post inserito'),
(644, 'www.google.it/post118', '2013-06-03', '0', 3, 'testo del post inserito'),
(645, 'www.google.it/post119', '2013-06-20', '0', 6, 'testo del post inserito'),
(646, 'www.google.it/post120', '2013-06-10', '0', 17, 'testo del post inserito'),
(647, 'www.google.it/post121', '2013-06-14', '0', 6, 'testo del post inserito'),
(648, 'www.google.it/post122', '2013-06-06', '0', 3, 'testo del post inserito'),
(649, 'www.google.it/post123', '2013-06-05', '0', 6, 'testo del post inserito'),
(650, 'www.google.it/post124', '2013-06-20', '0', 20, 'testo del post inserito'),
(651, 'www.google.it/post125', '2013-06-15', '0', 16, 'testo del post inserito'),
(652, 'www.google.it/post126', '2013-06-04', '0', 6, 'testo del post inserito'),
(653, 'www.google.it/post127', '2013-06-20', '0', 14, 'testo del post inserito'),
(654, 'www.google.it/post128', '2013-06-09', '0', 13, 'testo del post inserito'),
(655, 'www.google.it/post129', '2013-06-28', '0', 22, 'testo del post inserito'),
(656, 'www.google.it/post130', '2013-06-18', '0', 7, 'testo del post inserito'),
(657, 'www.google.it/post131', '2013-06-18', '0', 22, 'testo del post inserito'),
(658, 'www.google.it/post132', '2013-06-21', '0', 5, 'testo del post inserito'),
(659, 'www.google.it/post133', '2013-06-13', '0', 29, 'testo del post inserito'),
(660, 'www.google.it/post134', '2013-06-23', '0', 12, 'testo del post inserito'),
(661, 'www.google.it/post135', '2013-06-26', '0', 27, 'testo del post inserito'),
(662, 'www.google.it/post136', '2013-06-16', '0', 13, 'testo del post inserito'),
(663, 'www.google.it/post137', '2013-06-21', '0', 12, 'testo del post inserito'),
(664, 'www.google.it/post138', '2013-06-03', '0', 11, 'testo del post inserito'),
(665, 'www.google.it/post139', '2013-06-15', '0', 7, 'testo del post inserito'),
(666, 'www.google.it/post140', '2013-06-16', '0', 7, 'testo del post inserito'),
(667, 'www.google.it/post141', '2013-06-25', '0', 25, 'testo del post inserito');
INSERT INTO `Post` (`ID`, `Link`, `Data`, `Polarity`, `ID_Fonte`, `Text`) VALUES
(668, 'www.google.it/post142', '2013-06-22', '0', 13, 'testo del post inserito'),
(669, 'www.google.it/post143', '2013-06-07', '0', 14, 'testo del post inserito'),
(670, 'www.google.it/post144', '2013-06-24', '0', 8, 'testo del post inserito'),
(671, 'www.google.it/post145', '2013-06-27', '0', 24, 'testo del post inserito'),
(672, 'www.google.it/post146', '2013-06-29', '0', 5, 'testo del post inserito'),
(673, 'www.google.it/post147', '2013-06-08', '0', 1, 'testo del post inserito'),
(674, 'www.google.it/post148', '2013-06-01', '0', 25, 'testo del post inserito'),
(675, 'www.google.it/post149', '2013-06-29', '0', 1, 'testo del post inserito'),
(676, 'www.google.it/post150', '2013-06-08', '0', 6, 'testo del post inserito'),
(677, 'www.google.it/post151', '2013-06-23', '0', 16, 'testo del post inserito'),
(678, 'www.google.it/post152', '2013-06-01', '0', 16, 'testo del post inserito'),
(679, 'www.google.it/post153', '2013-06-02', '0', 19, 'testo del post inserito'),
(680, 'www.google.it/post154', '2013-06-10', '0', 13, 'testo del post inserito'),
(681, 'www.google.it/post155', '2013-06-11', '0', 9, 'testo del post inserito'),
(682, 'www.google.it/post156', '2013-06-08', '0', 11, 'testo del post inserito'),
(683, 'www.google.it/post157', '2013-06-24', '0', 23, 'testo del post inserito'),
(684, 'www.google.it/post158', '2013-06-21', '0', 26, 'testo del post inserito'),
(685, 'www.google.it/post159', '2013-06-18', '0', 20, 'testo del post inserito'),
(686, 'www.google.it/post160', '2013-06-04', '0', 28, 'testo del post inserito'),
(687, 'www.google.it/post161', '2013-06-01', '0', 23, 'testo del post inserito'),
(688, 'www.google.it/post162', '2013-06-16', '0', 17, 'testo del post inserito'),
(689, 'www.google.it/post163', '2013-06-14', '0', 6, 'testo del post inserito'),
(690, 'www.google.it/post164', '2013-06-03', '0', 9, 'testo del post inserito'),
(691, 'www.google.it/post165', '2013-06-18', '0', 8, 'testo del post inserito'),
(692, 'www.google.it/post166', '2013-06-28', '0', 4, 'testo del post inserito'),
(693, 'www.google.it/post167', '2013-06-20', '0', 4, 'testo del post inserito'),
(694, 'www.google.it/post168', '2013-06-06', '0', 19, 'testo del post inserito'),
(695, 'www.google.it/post169', '2013-06-06', '0', 10, 'testo del post inserito'),
(696, 'www.google.it/post170', '2013-06-24', '0', 4, 'testo del post inserito'),
(697, 'www.google.it/post171', '2013-06-16', '0', 19, 'testo del post inserito'),
(698, 'www.google.it/post172', '2013-06-03', '0', 25, 'testo del post inserito'),
(699, 'www.google.it/post173', '2013-06-09', '0', 27, 'testo del post inserito'),
(700, 'www.google.it/post174', '2013-06-12', '0', 16, 'testo del post inserito'),
(701, 'www.google.it/post175', '2013-06-19', '0', 10, 'testo del post inserito'),
(702, 'www.google.it/post176', '2013-06-25', '0', 17, 'testo del post inserito'),
(703, 'www.google.it/post177', '2013-06-05', '0', 6, 'testo del post inserito'),
(704, 'www.google.it/post178', '2013-06-27', '0', 1, 'testo del post inserito'),
(705, 'www.google.it/post179', '2013-06-04', '0', 4, 'testo del post inserito'),
(706, 'www.google.it/post180', '2013-06-22', '0', 24, 'testo del post inserito'),
(707, 'www.google.it/post181', '2013-06-14', '0', 13, 'testo del post inserito'),
(708, 'www.google.it/post182', '2013-06-12', '0', 21, 'testo del post inserito'),
(709, 'www.google.it/post183', '2013-06-28', '0', 7, 'testo del post inserito'),
(710, 'www.google.it/post184', '2013-06-28', '0', 22, 'testo del post inserito'),
(711, 'www.google.it/post185', '2013-06-15', '0', 18, 'testo del post inserito'),
(712, 'www.google.it/post186', '2013-06-10', '0', 10, 'testo del post inserito'),
(713, 'www.google.it/post187', '2013-06-10', '0', 11, 'testo del post inserito'),
(714, 'www.google.it/post188', '2013-06-22', '0', 9, 'testo del post inserito'),
(715, 'www.google.it/post189', '2013-06-01', '0', 22, 'testo del post inserito'),
(716, 'www.google.it/post190', '2013-06-06', '0', 26, 'testo del post inserito'),
(717, 'www.google.it/post191', '2013-06-22', '0', 7, 'testo del post inserito'),
(718, 'www.google.it/post192', '2013-06-22', '0', 9, 'testo del post inserito'),
(719, 'www.google.it/post193', '2013-06-24', '0', 1, 'testo del post inserito'),
(720, 'www.google.it/post194', '2013-06-29', '0', 20, 'testo del post inserito'),
(721, 'www.google.it/post195', '2013-06-15', '0', 2, 'testo del post inserito'),
(722, 'www.google.it/post196', '2013-06-29', '0', 1, 'testo del post inserito'),
(723, 'www.google.it/post197', '2013-06-01', '0', 7, 'testo del post inserito'),
(724, 'www.google.it/post198', '2013-06-18', '0', 24, 'testo del post inserito'),
(725, 'www.google.it/post199', '2013-06-11', '0', 24, 'testo del post inserito'),
(726, 'www.google.it/post200', '2013-06-09', '0', 22, 'testo del post inserito'),
(727, 'www.google.it/post201', '2013-06-09', '0', 17, 'testo del post inserito'),
(728, 'www.google.it/post202', '2013-06-18', '0', 24, 'testo del post inserito'),
(729, 'www.google.it/post203', '2013-06-27', '0', 19, 'testo del post inserito'),
(730, 'www.google.it/post204', '2013-06-26', '0', 15, 'testo del post inserito'),
(731, 'www.google.it/post205', '2013-06-04', '0', 25, 'testo del post inserito'),
(732, 'www.google.it/post206', '2013-06-09', '0', 26, 'testo del post inserito'),
(733, 'www.google.it/post207', '2013-06-28', '0', 2, 'testo del post inserito'),
(734, 'www.google.it/post208', '2013-06-06', '0', 13, 'testo del post inserito'),
(735, 'www.google.it/post209', '2013-06-22', '0', 10, 'testo del post inserito'),
(736, 'www.google.it/post210', '2013-06-07', '0', 20, 'testo del post inserito'),
(737, 'www.google.it/post211', '2013-06-28', '0', 19, 'testo del post inserito'),
(738, 'www.google.it/post212', '2013-06-08', '0', 20, 'testo del post inserito'),
(739, 'www.google.it/post213', '2013-06-24', '0', 28, 'testo del post inserito'),
(740, 'www.google.it/post214', '2013-06-09', '0', 9, 'testo del post inserito'),
(741, 'www.google.it/post215', '2013-06-13', '0', 21, 'testo del post inserito'),
(742, 'www.google.it/post216', '2013-06-27', '0', 12, 'testo del post inserito'),
(743, 'www.google.it/post217', '2013-06-04', '0', 9, 'testo del post inserito'),
(744, 'www.google.it/post218', '2013-06-29', '0', 6, 'testo del post inserito'),
(745, 'www.google.it/post219', '2013-06-19', '0', 7, 'testo del post inserito'),
(746, 'www.google.it/post220', '2013-06-15', '0', 18, 'testo del post inserito'),
(747, 'www.google.it/post221', '2013-06-27', '0', 29, 'testo del post inserito'),
(748, 'www.google.it/post222', '2013-06-25', '0', 6, 'testo del post inserito'),
(749, 'www.google.it/post223', '2013-06-24', '0', 18, 'testo del post inserito'),
(750, 'www.google.it/post224', '2013-06-09', '0', 20, 'testo del post inserito'),
(751, 'www.google.it/post225', '2013-06-26', '0', 20, 'testo del post inserito'),
(752, 'www.google.it/post226', '2013-06-21', '0', 18, 'testo del post inserito'),
(753, 'www.google.it/post227', '2013-06-12', '0', 19, 'testo del post inserito'),
(754, 'www.google.it/post228', '2013-06-14', '0', 2, 'testo del post inserito'),
(755, 'www.google.it/post229', '2013-06-18', '0', 27, 'testo del post inserito'),
(756, 'www.google.it/post230', '2013-06-03', '0', 28, 'testo del post inserito'),
(757, 'www.google.it/post231', '2013-06-21', '0', 21, 'testo del post inserito'),
(758, 'www.google.it/post232', '2013-06-22', '0', 18, 'testo del post inserito'),
(759, 'www.google.it/post233', '2013-06-20', '0', 25, 'testo del post inserito'),
(760, 'www.google.it/post234', '2013-06-06', '0', 9, 'testo del post inserito'),
(761, 'www.google.it/post235', '2013-06-02', '0', 27, 'testo del post inserito'),
(762, 'www.google.it/post236', '2013-06-29', '0', 15, 'testo del post inserito'),
(763, 'www.google.it/post237', '2013-06-12', '0', 9, 'testo del post inserito'),
(764, 'www.google.it/post238', '2013-06-13', '0', 29, 'testo del post inserito'),
(765, 'www.google.it/post239', '2013-06-15', '0', 23, 'testo del post inserito'),
(766, 'www.google.it/post240', '2013-06-06', '0', 3, 'testo del post inserito'),
(767, 'www.google.it/post241', '2013-06-02', '0', 15, 'testo del post inserito'),
(768, 'www.google.it/post242', '2013-06-27', '0', 24, 'testo del post inserito'),
(769, 'www.google.it/post243', '2013-06-26', '0', 26, 'testo del post inserito'),
(770, 'www.google.it/post244', '2013-06-24', '0', 26, 'testo del post inserito'),
(771, 'www.google.it/post245', '2013-06-19', '0', 3, 'testo del post inserito'),
(772, 'www.google.it/post246', '2013-06-03', '0', 10, 'testo del post inserito'),
(773, 'www.google.it/post247', '2013-06-25', '0', 8, 'testo del post inserito'),
(774, 'www.google.it/post248', '2013-06-19', '0', 16, 'testo del post inserito'),
(775, 'www.google.it/post249', '2013-06-21', '0', 9, 'testo del post inserito'),
(776, 'www.google.it/post250', '2013-06-18', '0', 12, 'testo del post inserito'),
(777, 'www.google.it/post251', '2013-06-12', '0', 18, 'testo del post inserito'),
(778, 'www.google.it/post252', '2013-06-18', '0', 9, 'testo del post inserito'),
(779, 'www.google.it/post253', '2013-06-04', '0', 6, 'testo del post inserito'),
(780, 'www.google.it/post254', '2013-06-16', '0', 17, 'testo del post inserito'),
(781, 'www.google.it/post255', '2013-06-09', '0', 4, 'testo del post inserito'),
(782, 'www.google.it/post256', '2013-06-26', '0', 21, 'testo del post inserito'),
(783, 'www.google.it/post257', '2013-06-26', '0', 23, 'testo del post inserito'),
(784, 'www.google.it/post258', '2013-06-04', '0', 29, 'testo del post inserito'),
(785, 'www.google.it/post259', '2013-06-01', '0', 12, 'testo del post inserito'),
(786, 'www.google.it/post260', '2013-06-23', '0', 14, 'testo del post inserito'),
(787, 'www.google.it/post261', '2013-06-16', '0', 25, 'testo del post inserito'),
(788, 'www.google.it/post262', '2013-06-27', '0', 3, 'testo del post inserito'),
(789, 'www.google.it/post263', '2013-06-20', '0', 29, 'testo del post inserito'),
(790, 'www.google.it/post264', '2013-06-06', '0', 7, 'testo del post inserito'),
(791, 'www.google.it/post265', '2013-06-03', '0', 15, 'testo del post inserito'),
(792, 'www.google.it/post266', '2013-06-26', '0', 28, 'testo del post inserito'),
(793, 'www.google.it/post267', '2013-06-04', '0', 21, 'testo del post inserito'),
(794, 'www.google.it/post268', '2013-06-22', '0', 1, 'testo del post inserito'),
(795, 'www.google.it/post269', '2013-06-08', '0', 9, 'testo del post inserito'),
(796, 'www.google.it/post270', '2013-06-29', '0', 21, 'testo del post inserito'),
(797, 'www.google.it/post271', '2013-06-05', '0', 16, 'testo del post inserito'),
(798, 'www.google.it/post272', '2013-06-26', '0', 1, 'testo del post inserito'),
(799, 'www.google.it/post273', '2013-06-05', '0', 11, 'testo del post inserito'),
(800, 'www.google.it/post274', '2013-06-01', '0', 25, 'testo del post inserito'),
(801, 'www.google.it/post275', '2013-06-03', '0', 29, 'testo del post inserito'),
(802, 'www.google.it/post276', '2013-06-13', '0', 29, 'testo del post inserito'),
(803, 'www.google.it/post277', '2013-06-25', '0', 3, 'testo del post inserito'),
(804, 'www.google.it/post278', '2013-06-23', '0', 3, 'testo del post inserito'),
(805, 'www.google.it/post279', '2013-06-15', '0', 24, 'testo del post inserito'),
(806, 'www.google.it/post280', '2013-06-29', '0', 16, 'testo del post inserito'),
(807, 'www.google.it/post281', '2013-06-05', '0', 25, 'testo del post inserito'),
(808, 'www.google.it/post282', '2013-06-17', '0', 3, 'testo del post inserito'),
(809, 'www.google.it/post283', '2013-06-14', '0', 18, 'testo del post inserito'),
(810, 'www.google.it/post284', '2013-06-20', '0', 2, 'testo del post inserito'),
(811, 'www.google.it/post285', '2013-06-15', '0', 8, 'testo del post inserito'),
(812, 'www.google.it/post286', '2013-06-19', '0', 26, 'testo del post inserito'),
(813, 'www.google.it/post287', '2013-06-17', '0', 9, 'testo del post inserito'),
(814, 'www.google.it/post288', '2013-06-04', '0', 4, 'testo del post inserito'),
(815, 'www.google.it/post289', '2013-06-06', '0', 20, 'testo del post inserito'),
(816, 'www.google.it/post290', '2013-06-27', '0', 18, 'testo del post inserito'),
(817, 'www.google.it/post291', '2013-06-13', '0', 2, 'testo del post inserito'),
(818, 'www.google.it/post292', '2013-06-22', '0', 10, 'testo del post inserito'),
(819, 'www.google.it/post293', '2013-06-15', '0', 6, 'testo del post inserito'),
(820, 'www.google.it/post294', '2013-06-07', '0', 26, 'testo del post inserito'),
(821, 'www.google.it/post295', '2013-06-20', '0', 6, 'testo del post inserito'),
(822, 'www.google.it/post296', '2013-06-16', '0', 13, 'testo del post inserito'),
(823, 'www.google.it/post297', '2013-06-07', '0', 24, 'testo del post inserito'),
(824, 'www.google.it/post298', '2013-06-27', '0', 15, 'testo del post inserito'),
(825, 'www.google.it/post299', '2013-06-12', '0', 21, 'testo del post inserito');

-- --------------------------------------------------------

--
-- Struttura della tabella `Sorgenti`
--

CREATE TABLE IF NOT EXISTS `Sorgenti` (
  `ID` int(11) NOT NULL AUTO_INCREMENT,
  `Nome` varchar(30) NOT NULL,
  `Pagina` varchar(50) DEFAULT NULL,
  `Link` varchar(500) NOT NULL,
  `Tipo` varchar(30) NOT NULL,
  `Autore` int(11) NOT NULL,
  `Icona` varchar(50) NOT NULL,
  `updateInterval` int(11) DEFAULT '86400',
  `lastTimestamp` date DEFAULT NULL,
  PRIMARY KEY (`ID`),
  KEY `Nome` (`Nome`),
  KEY `Autore` (`Autore`),
  KEY `Nome_2` (`Nome`)
) ENGINE=InnoDB  DEFAULT CHARSET=latin1 AUTO_INCREMENT=41 ;

--
-- Dump dei dati per la tabella `Sorgenti`
--

INSERT INTO `Sorgenti` (`ID`, `Nome`, `Pagina`, `Link`, `Tipo`, `Autore`, `Icona`, `updateInterval`, `lastTimestamp`) VALUES
(1, 'Facebook', 'il rock come filoosfia di vita', 'https:$$www.facebook.com$pages$Il-Rock-come-filosofia-di-vita$115779158443402', 'Gruppo', 2, 'icona.png', 86400, '2001-01-01'),
(2, 'Twitter', '#molota', 'https:$$twitter.com$search?q=#molota&src=hash', 'Hashtag', 2, 'invariata.jpg', 86400, '2013-06-18'),
(3, 'Twitter', '#dashboard', 'www.google.it', 'Hashtag', 2, 'hi-icon.jpg', 86400, '2013-06-18'),
(4, 'Twitter', '#disim', 'www.google.it', 'Hashtag', 1, 'none.jpg', 86400, '2013-06-20'),
(5, 'Twitter', NULL, 'www.google.it/ciao', 'Utente', 1, 'icon.jpg', 86400, '2013-06-18'),
(6, 'Facebook', 'Pagina 6', 'http://www.google.it/pagina6', 'Gruppo', 1, 'icona6.jpg', 86400, '2013-06-25'),
(7, 'Facebook', 'Pagina 7', 'http://www.google.it/pagina7', 'Gruppo', 1, 'icona7.jpg', 86400, '2013-06-25'),
(8, 'Facebook', 'Pagina 8', 'http://www.google.it/pagina8', 'Gruppo', 1, 'icona8.jpg', 86400, '2013-06-25'),
(9, 'Facebook', 'Pagina 9', 'http://www.google.it/pagina9', 'Gruppo', 1, 'icona9.jpg', 86400, '2013-06-25'),
(10, 'Facebook', 'Pagina 10', 'http://www.google.it/pagina10', 'Gruppo', 1, 'icona10.jpg', 86400, '2013-06-25'),
(11, 'Facebook', 'Pagina 11', 'http://www.google.it/pagina11', 'Gruppo', 1, 'icona11.jpg', 86400, '2013-06-25'),
(12, 'Facebook', 'Pagina 12', 'http://www.google.it/pagina12', 'Gruppo', 1, 'icona12.jpg', 86400, '2013-06-25'),
(13, 'Facebook', 'Pagina 13', 'http://www.google.it/pagina13', 'Gruppo', 1, 'icona13.jpg', 86400, '2013-06-25'),
(14, 'Facebook', 'Pagina 14', 'http://www.google.it/pagina14', 'Gruppo', 1, 'icona14.jpg', 86400, '2013-06-25'),
(15, 'Facebook', 'Pagina 15', 'http://www.google.it/pagina15', 'Gruppo', 1, 'icona15.jpg', 86400, '2013-06-25'),
(16, 'Facebook', 'Pagina 16', 'http://www.google.it/pagina16', 'Gruppo', 1, 'icona16.jpg', 86400, '2013-06-25'),
(17, 'Facebook', 'Pagina 17', 'http://www.google.it/pagina17', 'Gruppo', 1, 'icona17.jpg', 86400, '2013-06-25'),
(18, 'Facebook', 'Pagina 18', 'http://www.google.it/pagina18', 'Gruppo', 1, 'icona18.jpg', 86400, '2013-06-25'),
(19, 'Facebook', 'Pagina 19', 'http://www.google.it/pagina19', 'Gruppo', 1, 'icona19.jpg', 86400, '2013-06-25'),
(20, 'Facebook', 'Pagina 20', 'http://www.google.it/pagina20', 'Gruppo', 1, 'icona20.jpg', 86400, '2013-06-25'),
(21, 'Twitter', 'Pagina 21', 'http://www.google.it/pagina21', 'Gruppo', 1, 'icona21.jpg', 86400, '2013-06-25'),
(22, 'Twitter', 'Pagina 22', 'http://www.google.it/pagina22', 'Gruppo', 1, 'icona22.jpg', 86400, '2013-06-25'),
(23, 'Twitter', 'Pagina 23', 'http://www.google.it/pagina23', 'Gruppo', 1, 'icona23.jpg', 86400, '2013-06-25'),
(24, 'Twitter', 'Pagina 24', 'http://www.google.it/pagina24', 'Gruppo', 1, 'icona24.jpg', 86400, '2013-06-25'),
(25, 'Twitter', 'Pagina 25', 'http://www.google.it/pagina25', 'Gruppo', 1, 'icona25.jpg', 86400, '2013-06-25'),
(26, 'Twitter', 'Pagina 26', 'http://www.google.it/pagina26', 'Gruppo', 1, 'icona26.jpg', 86400, '2013-06-25'),
(27, 'Twitter', 'Pagina 27', 'http://www.google.it/pagina27', 'Gruppo', 1, 'icona27.jpg', 86400, '2013-06-25'),
(28, 'Twitter', 'Pagina 28', 'http://www.google.it/pagina28', 'Gruppo', 1, 'icona28.jpg', 86400, '2013-06-25'),
(29, 'Twitter', 'Pagina 29', 'http://www.google.it/pagina29', 'Gruppo', 1, 'icona29.jpg', 86400, '2013-06-25'),
(30, 'Twitter', 'Pagina 30', 'http://www.google.it/pagina30', 'Gruppo', 1, 'icona30.jpg', 86400, '2013-06-25'),
(31, 'Twitter', 'Pagina 31', 'http://www.google.it/pagina31', 'Gruppo', 1, 'icona31.jpg', 86400, '2013-06-25'),
(32, 'Twitter', 'Pagina 32', 'http://www.google.it/pagina32', 'Gruppo', 1, 'icona32.jpg', 86400, '2013-06-25'),
(33, 'Twitter', 'Pagina 33', 'http://www.google.it/pagina33', 'Gruppo', 1, 'icona33.jpg', 86400, '2013-06-25'),
(34, 'Twitter', 'Pagina 34', 'http://www.google.it/pagina34', 'Gruppo', 1, 'icona34.jpg', 86400, '2013-06-25'),
(35, 'Twitter', 'Pagina 35', 'http://www.google.it/pagina35', 'Gruppo', 1, 'icona35.jpg', 86400, '2013-06-25'),
(36, 'Twitter', 'Pagina 36', 'http://www.google.it/pagina36', 'Gruppo', 1, 'icona36.jpg', 86400, '2013-06-25'),
(37, 'Twitter', 'Pagina 37', 'http://www.google.it/pagina37', 'Gruppo', 1, 'icona37.jpg', 86400, '2013-06-25'),
(38, 'Twitter', 'Pagina 38', 'http://www.google.it/pagina38', 'Gruppo', 1, 'icona38.jpg', 86400, '2013-06-25'),
(39, 'Twitter', 'Pagina 39', 'http://www.google.it/pagina39', 'Gruppo', 1, 'icona39.jpg', 86400, '2013-06-25'),
(40, 'Twitter', 'Pagina 40', 'http://www.google.it/pagina40', 'Gruppo', 1, 'icona40.jpg', 86400, '2013-06-25');

-- --------------------------------------------------------

--
-- Struttura della tabella `Topics`
--

CREATE TABLE IF NOT EXISTS `Topics` (
  `ID` int(11) NOT NULL AUTO_INCREMENT,
  `Topic` varchar(30) NOT NULL,
  PRIMARY KEY (`ID`),
  UNIQUE KEY `Topic` (`Topic`)
) ENGINE=InnoDB  DEFAULT CHARSET=latin1 AUTO_INCREMENT=23 ;

--
-- Dump dei dati per la tabella `Topics`
--

INSERT INTO `Topics` (`ID`, `Topic`) VALUES
(10, 'decimo topic'),
(19, 'diciannovesimo topic'),
(17, 'diciassettesimo topic'),
(18, 'diciottesimo topic'),
(12, 'dodicesimo topic'),
(9, 'nono topic'),
(8, 'ottavo topic'),
(1, 'primotopic'),
(4, 'quarto topic'),
(14, 'quattordicesimo topic'),
(15, 'quindicesimo topic'),
(5, 'quinto topic'),
(2, 'secondo topic'),
(16, 'sedicesimo topic'),
(6, 'sesto topic'),
(7, 'settimo topic'),
(3, 'terzo topic'),
(13, 'tredicesimo topic'),
(11, 'undicesimo topic'),
(20, 'ventesimo topic'),
(22, 'ventiduesimo topic'),
(21, 'ventunesimo topic');

-- --------------------------------------------------------

--
-- Struttura della tabella `Utenti`
--

CREATE TABLE IF NOT EXISTS `Utenti` (
  `ID` int(11) NOT NULL AUTO_INCREMENT,
  `Nome` varchar(30) NOT NULL,
  `Cognome` varchar(30) NOT NULL,
  `Email` varchar(30) NOT NULL,
  `Password` text NOT NULL,
  `Data_nascita` date NOT NULL,
  `Citta` varchar(30) NOT NULL,
  `Creato_da` int(11) NOT NULL,
  `Data_ins` date NOT NULL,
  `Admin` tinyint(1) NOT NULL DEFAULT '0',
  `Attivo` tinyint(1) NOT NULL DEFAULT '1',
  PRIMARY KEY (`ID`),
  KEY `Creato_da` (`Creato_da`)
) ENGINE=InnoDB  DEFAULT CHARSET=latin1 AUTO_INCREMENT=12 ;

--
-- Dump dei dati per la tabella `Utenti`
--

INSERT INTO `Utenti` (`ID`, `Nome`, `Cognome`, `Email`, `Password`, `Data_nascita`, `Citta`, `Creato_da`, `Data_ins`, `Admin`, `Attivo`) VALUES
(1, 'admin', 'admin', 'admin@admin.it', '6e6bc4e49dd477ebc98ef4046c067b5f', '2013-03-26', 'teramo', 1, '2013-03-15', 1, 1),
(2, 'ketty', 'di silvestre', 'kettybdo@hotmail.it', '17c4a7ae2f493e0190e1ea52b7446a57', '1988-07-28', 'teramo', 1, '2013-06-20', 1, 1),
(3, 'mara', 'di silvestre', 'mara@mara.it', '17c4a7ae2f493e0190e1ea52b7446a57', '2013-06-03', 'teramo', 1, '2013-06-22', 1, 0),
(10, 'anna lucia', 'del papa', 'annaluciadp@gmail.com', 'fdcc81c6531ec9147500c571fe82aab9', '1966-06-14', 'ipsos uk', 2, '2013-06-22', 0, 0),
(11, 'mimmo', 'quaquaraqua', 'mimmo@gmail.com', '4b0861073d1c03ce70283d03e32894c1', '1966-02-01', 'cittadella dalba', 2, '2013-06-22', 1, 1);

--
-- Limiti per le tabelle scaricate
--

--
-- Limiti per la tabella `Accesso`
--
ALTER TABLE `Accesso`
  ADD CONSTRAINT `accesso_ibfk_7` FOREIGN KEY (`IDUtente`) REFERENCES `utenti` (`ID`) ON DELETE CASCADE ON UPDATE CASCADE,
  ADD CONSTRAINT `accesso_ibfk_8` FOREIGN KEY (`IDSorgente`) REFERENCES `sorgenti` (`ID`) ON DELETE CASCADE ON UPDATE CASCADE;

--
-- Limiti per la tabella `Contenuto`
--
ALTER TABLE `Contenuto`
  ADD CONSTRAINT `contenuto_ibfk_3` FOREIGN KEY (`IDPost`) REFERENCES `post` (`ID`) ON DELETE CASCADE ON UPDATE CASCADE,
  ADD CONSTRAINT `contenuto_ibfk_4` FOREIGN KEY (`IDTopic`) REFERENCES `topics` (`ID`) ON DELETE CASCADE ON UPDATE CASCADE;

--
-- Limiti per la tabella `Post`
--
ALTER TABLE `Post`
  ADD CONSTRAINT `post_ibfk_1` FOREIGN KEY (`ID_Fonte`) REFERENCES `sorgenti` (`ID`) ON DELETE CASCADE ON UPDATE CASCADE;

--
-- Limiti per la tabella `Sorgenti`
--
ALTER TABLE `Sorgenti`
  ADD CONSTRAINT `sorgenti_ibfk_1` FOREIGN KEY (`Autore`) REFERENCES `utenti` (`ID`) ON DELETE CASCADE ON UPDATE CASCADE;

--
-- Limiti per la tabella `Utenti`
--
ALTER TABLE `Utenti`
  ADD CONSTRAINT `utenti_ibfk_1` FOREIGN KEY (`Creato_da`) REFERENCES `utenti` (`ID`) ON DELETE NO ACTION ON UPDATE CASCADE;
